Workbook

Sheet Calculations
A1: Rank | B1: Chain Name | C1: Sales | D1: Units | E1: Above Average Sales | F1: Above Average Units
A2: 9 | B2: Pizza Hut | C2: 5510000 | D2: 7799 | E2: =IF(C2>$C$24*1.2,"Top Performers", IF(C2<$C$24*0.8, "Low Performers", "Average")) -> Top Performers | F2: =IF(D2>$D$24*1.2,"Top Performers", IF(D2<$D$24*0.8, "Low Performers", "Average")) -> Top Performers | G2: Pizza chain with lowest number of units | H2: Peter Piper Pizza
A3: 12 | B3: Domino's | C3: 4708587 | D3: 5200 | E3: =IF(C3>$C$24*1.2,"Top Performers", IF(C3<$C$24*0.8, "Low Performers", "Average")) -> Top Performers | F3: =IF(D3>$D$24*1.2,"Top Performers", IF(D3<$D$24*0.8, "Low Performers", "Average")) -> Top Performers | G3: Pizza chain with highest number of units | H3: Pizza Hut
A4: 19 | B4: Little Caesars | C4: 3500000 | D4: 4250 | E4: =IF(C4>$C$24*1.2,"Top Performers", IF(C4<$C$24*0.8, "Low Performers", "Average")) -> Top Performers | F4: =IF(D4>$D$24*1.2,"Top Performers", IF(D4<$D$24*0.8, "Low Performers", "Average")) -> Top Performers | G4: Pizza chain with lowest revenue in 2015 | H4: Mountain Mike's Pizza
A5: 24 | B5: Papa John's | C5: 2816017 | D5: 3290 | E5: =IF(C5>$C$24*1.2,"Top Performers", IF(C5<$C$24*0.8, "Low Performers", "Average")) -> Top Performers | F5: =IF(D5>$D$24*1.2,"Top Performers", IF(D5<$D$24*0.8, "Low Performers", "Average")) -> Top Performers | G5: Pizza chain with highest revenue in 2015 | H5: Pizza Hut
A6: 51 | B6: Papa Murphy's Pizza | C6: 880429 | D6: 1496 | E6: =IF(C6>$C$24*1.2,"Top Performers", IF(C6<$C$24*0.8, "Low Performers", "Average")) -> Average | F6: =IF(D6>$D$24*1.2,"Top Performers", IF(D6<$D$24*0.8, "Low Performers", "Average")) -> Average
A7: 89 | B7: Cicis Pizza | C7: 430000 | D7: 445 | E7: =IF(C7>$C$24*1.2,"Top Performers", IF(C7<$C$24*0.8, "Low Performers", "Average")) -> Low Performers | F7: =IF(D7>$D$24*1.2,"Top Performers", IF(D7<$D$24*0.8, "Low Performers", "Average")) -> Low Performers
A8: 90 | B8: Round Table Pizza | C8: 424107 | D8: 437 | E8: =IF(C8>$C$24*1.2,"Top Performers", IF(C8<$C$24*0.8, "Low Performers", "Average")) -> Low Performers | F8: =IF(D8>$D$24*1.2,"Top Performers", IF(D8<$D$24*0.8, "Low Performers", "Average")) -> Low Performers
A9: 92 | B9: Marco's Pizza | C9: 417632 | D9: 667 | E9: =IF(C9>$C$24*1.2,"Top Performers", IF(C9<$C$24*0.8, "Low Performers", "Average")) -> Low Performers | F9: =IF(D9>$D$24*1.2,"Top Performers", IF(D9<$D$24*0.8, "Low Performers", "Average")) -> Low Performers
A10: 101 | B10: Chuck E. Cheese's | C10: 364294 | D10: 553 | E10: =IF(C10>$C$24*1.2,"Top Performers", IF(C10<$C$24*0.8, "Low Performers", "Average")) -> Low Performers | F10: =IF(D10>$D$24*1.2,"Top Performers", IF(D10<$D$24*0.8, "Low Performers", "Average")) -> Low Performers
A11: 107 | B11: Hungry Howie's Pizza | C11: 342478 | D11: 548 | E11: =IF(C11>$C$24*1.2,"Top Performers", IF(C11<$C$24*0.8, "Low Performers", "Average")) -> Low Performers | F11: =IF(D11>$D$24*1.2,"Top Performers", IF(D11<$D$24*0.8, "Low Performers", "Average")) -> Low Performers
A12: 108 | B12: Jet's Pizza | C12: 339500 | D12: 384 | E12: =IF(C12>$C$24*1.2,"Top Performers", IF(C12<$C$24*0.8, "Low Performers", "Average")) -> Low Performers | F12: =IF(D12>$D$24*1.2,"Top Performers", IF(D12<$D$24*0.8, "Low Performers", "Average")) -> Low Performers
A13: 122 | B13: Godfather's Pizza | C13: 299200 | D13: 550 | E13: =IF(C13>$C$24*1.2,"Top Performers", IF(C13<$C$24*0.8, "Low Performers", "Average")) -> Low Performers | F13: =IF(D13>$D$24*1.2,"Top Performers", IF(D13<$D$24*0.8, "Low Performers", "Average")) -> Low Performers
A14: 140 | B14: Sbarro | C14: 250900 | D14: 550 | E14: =IF(C14>$C$24*1.2,"Top Performers", IF(C14<$C$24*0.8, "Low Performers", "Average")) -> Low Performers | F14: =IF(D14>$D$24*1.2,"Top Performers", IF(D14<$D$24*0.8, "Low Performers", "Average")) -> Low Performers
A15: 156 | B15: Pizza Ranch | C15: 228618 | D15: 192 | E15: =IF(C15>$C$24*1.2,"Top Performers", IF(C15<$C$24*0.8, "Low Performers", "Average")) -> Low Performers | F15: =IF(D15>$D$24*1.2,"Top Performers", IF(D15<$D$24*0.8, "Low Performers", "Average")) -> Low Performers
A16: 179 | B16: Peter Piper Pizza | C16: 190500 | D16: 94 | E16: =IF(C16>$C$24*1.2,"Top Performers", IF(C16<$C$24*0.8, "Low Performers", "Average")) -> Low Performers | F16: =IF(D16>$D$24*1.2,"Top Performers", IF(D16<$D$24*0.8, "Low Performers", "Average")) -> Low Performers
A17: 183 | B17: Donatos Pizza | C17: 183600 | D17: 153 | E17: =IF(C17>$C$24*1.2,"Top Performers", IF(C17<$C$24*0.8, "Low Performers", "Average")) -> Low Performers | F17: =IF(D17>$D$24*1.2,"Top Performers", IF(D17<$D$24*0.8, "Low Performers", "Average")) -> Low Performers
... A22: 246 | B22: Mountain Mike's Pizza | C22: 122054 | D22: 164 | E22: =IF(C22>$C$24*1.2,"Top Performers", IF(C22<$C$24*0.8, "Low Performers", "Average")) -> Low Performers | F22: =IF(D22>$D$24*1.2,"Top Performers", IF(D22<$D$24*0.8, "Low Performers", "Average")) -> Low Performers
A23: Total | C23: =SUM(C2:C22) -> 21550008 | D23: =SUM(D2:D22) -> 27555
A24: Average | C24: =AVERAGE(C2:C22) -> 1026190.9 | D24: =AVERAGE(D2:D22) -> 1312.1429
A25: Min | C25: =MIN(C2:C22) -> 122054 | D25: =MIN(D2:D22) -> 94
A26: Max | C26: =MAX(C2:C22) -> 5510000 | D26: =MAX(D2:D22) -> 7799

Sheet Results
A1: Results Page
A3: Pizza Chains Descriptive Data | C3: Tops and Flops
A4: Average number of units | C4: The chain with the lowest number of units is:
A5: =Calculations!D24 -> 1312.1429 | C5: =Calculations!H2 -> Peter Piper Pizza
A7: Minimum number of units | C7: The chain with the highest number of units is:
A8: =Calculations!D25 -> 94 | C8: =Calculations!H3 -> Pizza Hut
A10: Maximum number of units | C10: The chain with the lowest revenue is:
A11: =Calculations!D26 -> 7799 | C11: =Calculations!H4 -> Mountain Mike's Pizza
A13: Number of Revenue Top Perfomers (exceed average by 20%) | C13: The chain with the highest revenue is:
A14: =COUNTIF(Calculations!E2:E22, "Top Performers") -> 4 | C14: =Calculations!H5 -> Pizza Hut
A16: Number of Units Top Perfomers (exceed average by 20%) | C16: Number of chains with more units than: | D16: 500
A17: =COUNTIF(Calculations!F2:F22, "Top Performers") -> 4 | C17: =COUNTIF(Calculations!D2:D22,">"&D16) -> 10
