Workbook

Sheet Data
A1: Ranksort descending | B1: Chain | C1: 2015 US Sales ($000) | D1: 2015 US Units | E1: Segment | F1: Menu Category
A2: 1 | B2: McDonald's | C2: 35837200 | D2: 14259 | E2: Quick Service | F2: Burger
A3: 2 | B3: Starbucks | C3: 13936114 | D3: 13066 | E3: Quick Service | F3: Coffee Cafe
A4: 3 | B4: Subway | C4: 11500000 | D4: 27103 | E4: Quick Service | F4: Sandwich
A5: 4 | B5: Taco Bell | C5: 9100000 | D5: 6121 | E5: Quick Service | F5: Mexican
A6: 5 | B6: Burger King | C6: 9000000 | D6: 7086 | E6: Quick Service | F6: Burger
A7: 6 | B7: Wendy's | C7: 8777400 | D7: 5722 | E7: Quick Service | F7: Burger
A8: 7 | B8: Dunkin' Donuts | C8: 7624140 | D8: 8431 | E8: Quick Service | F8: Coffee Cafe
A9: 8 | B9: Chick-fil-A | C9: 6291000 | D9: 1950 | E9: Quick Service | F9: Chicken
A10: 9 | B10: Pizza Hut | C10: 5510000 | D10: 7799 | E10: Quick Service | F10: Pizza
A11: 10 | B11: Panera Bread/Saint Louis Bread Co. | C11: 4795900 | D11: 1955 | E11: Fast Casual | F11: Bakery Cafe
A12: 11 | B12: Applebee's | C12: 4739442 | D12: 1878 | E12: Casual Dining | F12: Varied Menu
A13: 12 | B13: Domino's | C13: 4708587 | D13: 5200 | E13: Quick Service | F13: Pizza
... A501: 500 | B501: Civil Libation | C501: 10100.711 | D501: 48.93401 | E501: Fast Casual | F501: Mexican

Sheet Calculations
A1: =Data!A1 -> Ranksort descending | B1: =Data!B1 -> Chain | C1: =Data!C1 -> 2015 US Sales ($000) | D1: =Data!D1 -> 2015 US Units | E1: =Data!E1 -> Segment | F1: =Data!F1 -> Menu Category
A2: =Data!A2 -> 1 | B2: =Data!B2 -> McDonald's | C2: =Data!C2 -> 35837200 | D2: =Data!D2 -> 14259 | E2: =Data!E2 -> Quick Service | F2: =Data!F2 -> Burger
A3: =Data!A3 -> 2 | B3: =Data!B3 -> Starbucks | C3: =Data!C3 -> 13936114 | D3: =Data!D3 -> 13066 | E3: =Data!E3 -> Quick Service | F3: =Data!F3 -> Coffee Cafe
A4: =Data!A4 -> 3 | B4: =Data!B4 -> Subway | C4: =Data!C4 -> 11500000 | D4: =Data!D4 -> 27103 | E4: =Data!E4 -> Quick Service | F4: =Data!F4 -> Sandwich
A5: =Data!A5 -> 4 | B5: =Data!B5 -> Taco Bell | C5: =Data!C5 -> 9100000 | D5: =Data!D5 -> 6121 | E5: =Data!E5 -> Quick Service | F5: =Data!F5 -> Mexican
A6: =Data!A6 -> 5 | B6: =Data!B6 -> Burger King | C6: =Data!C6 -> 9000000 | D6: =Data!D6 -> 7086 | E6: =Data!E6 -> Quick Service | F6: =Data!F6 -> Burger
A7: =Data!A7 -> 6 | B7: =Data!B7 -> Wendy's | C7: =Data!C7 -> 8777400 | D7: =Data!D7 -> 5722 | E7: =Data!E7 -> Quick Service | F7: =Data!F7 -> Burger
A8: =Data!A8 -> 7 | B8: =Data!B8 -> Dunkin' Donuts | C8: =Data!C8 -> 7624140 | D8: =Data!D8 -> 8431 | E8: =Data!E8 -> Quick Service | F8: =Data!F8 -> Coffee Cafe
A9: =Data!A9 -> 8 | B9: =Data!B9 -> Chick-fil-A | C9: =Data!C9 -> 6291000 | D9: =Data!D9 -> 1950 | E9: =Data!E9 -> Quick Service | F9: =Data!F9 -> Chicken
A10: =Data!A10 -> 9 | B10: =Data!B10 -> Pizza Hut | C10: =Data!C10 -> 5510000 | D10: =Data!D10 -> 7799 | E10: =Data!E10 -> Quick Service | F10: =Data!F10 -> Pizza
A11: =Data!A11 -> 10 | B11: =Data!B11 -> Panera Bread/Saint Louis Bread Co. | C11: =Data!C11 -> 4795900 | D11: =Data!D11 -> 1955 | E11: =Data!E11 -> Fast Casual | F11: =Data!F11 -> Bakery Cafe
A12: =Data!A12 -> 11 | B12: =Data!B12 -> Applebee's | C12: =Data!C12 -> 4739442 | D12: =Data!D12 -> 1878 | E12: =Data!E12 -> Casual Dining | F12: =Data!F12 -> Varied Menu
... A501: =Data!A501 -> 500 | B501: =Data!B501 -> Civil Libation | C501: =Data!C501 -> 10100.711 | D501: =Data!D501 -> 48.93401 | E501: =Data!E501 -> Fast Casual | F501: =Data!F501 -> Mexican
