Workbook
Name pizza_sales_data: 'Pizza Sales Data'!$A$1:$I$3077

Sheet Pizza Sales Data
A1: OrderNumber | B1: OrderPlaced | C1: OrderReady | D1: ItemsOrdered | E1: Delivery | F1: DeliveryZipCode | G1: DeliveryDistance | H1: OrderDelivery | I1: TotalPrice(NoTaxes)
A2: 1 | B2: 42370.516 | C2: 42370.526 | D2: Medium | E2: TRUE | F2: 70806 | G2: 6.1200415 | H2: 42370.547 | I2: 11.59
A3: 2 | B3: 42370.485 | C3: 42370.495 | D3: Large | E3: TRUE | F3: 70804 | G3: 2.7027082 | H3: 42370.504 | I3: 15.35
A4: 3 | B4: 42370.503 | C4: 42370.513 | D4: Medium | E4: TRUE | F4: 70805 | G4: 1.8228411 | H4: 42370.52 | I4: 11.59
A5: 4 | B5: 42370.462 | C5: 42370.472 | D5: Small | E5: TRUE | F5: 70808 | G5: 0.4067065 | H5: 42370.473 | I5: 7.99
A6: 5 | B6: 42370.521 | C6: 42370.532 | D6: Medium | E6: TRUE | F6: 70803 | G6: 3.1854605 | H6: 42370.543 | I6: 11.59
A7: 6 | B7: 42370.517 | C7: 42370.527 | D7: Small,Medium | E7: FALSE | F7: 70803 | G7: 0 | H7: 42370.529 | I7: 19.58
A8: 7 | B8: 42370.427 | C8: 42370.437 | D8: Large | E8: FALSE | F8: 70805 | G8: 0 | H8: 42370.439 | I8: 15.35
A9: 8 | B9: 42370.518 | C9: 42370.528 | D9: Small,Medium | E9: FALSE | F9: 70805 | G9: 0 | H9: 42370.53 | I9: 19.58
A10: 9 | B10: 42370.495 | C10: 42370.505 | D10: Medium | E10: TRUE | F10: 70807 | G10: 4.4780138 | H10: 42370.521 | I10: 11.59
A11: 10 | B11: 42370.449 | C11: 42370.46 | D11: Small,Medium | E11: TRUE | F11: 70804 | G11: 5.2927543 | H11: 42370.478 | I11: 19.58
A12: 11 | B12: 42370.475 | C12: 42370.485 | D12: Small,Medium,Large | E12: TRUE | F12: 70805 | G12: 4.0123132 | H12: 42370.499 | I12: 33.93
A13: 12 | B13: 42370.494 | C13: 42370.505 | D13: Medium | E13: FALSE | F13: 70803 | G13: 0 | H13: 42370.507 | I13: 11.59
... A3077: 3076 | B3077: 42400.53 | C3077: 42400.541 | D3077: Small | E3077: FALSE | F3077: 70803 | G3077: 0 | H3077: 42400.543 | I3077: 7.99

Sheet Pizza Sales Calculations
A1: ='Pizza Sales Data'!A1 -> OrderNumber | B1: ='Pizza Sales Data'!B1 -> OrderPlaced | C1: ='Pizza Sales Data'!C1 -> OrderReady | D1: ='Pizza Sales Data'!D1 -> ItemsOrdered | E1: ='Pizza Sales Data'!E1 -> Delivery | F1: ='Pizza Sales Data'!F1 -> DeliveryZipCode | G1: ='Pizza Sales Data'!G1 -> DeliveryDistance | H1: ='Pizza Sales Data'!H1 -> OrderDelivery | I1: ='Pizza Sales Data'!I1 -> TotalPrice(NoTaxes)
A2: ='Pizza Sales Data'!A2 -> 1 | B2: ='Pizza Sales Data'!B2 -> 42370.516 | C2: ='Pizza Sales Data'!C2 -> 42370.526 | D2: ='Pizza Sales Data'!D2 -> Medium | E2: ='Pizza Sales Data'!E2 -> TRUE | F2: ='Pizza Sales Data'!F2 -> 70806 | G2: ='Pizza Sales Data'!G2 -> 6.1200415 | H2: ='Pizza Sales Data'!H2 -> 42370.547 | I2: ='Pizza Sales Data'!I2 -> 11.59
A3: ='Pizza Sales Data'!A3 -> 2 | B3: ='Pizza Sales Data'!B3 -> 42370.485 | C3: ='Pizza Sales Data'!C3 -> 42370.495 | D3: ='Pizza Sales Data'!D3 -> Large | E3: ='Pizza Sales Data'!E3 -> TRUE | F3: ='Pizza Sales Data'!F3 -> 70804 | G3: ='Pizza Sales Data'!G3 -> 2.7027082 | H3: ='Pizza Sales Data'!H3 -> 42370.504 | I3: ='Pizza Sales Data'!I3 -> 15.35
A4: ='Pizza Sales Data'!A4 -> 3 | B4: ='Pizza Sales Data'!B4 -> 42370.503 | C4: ='Pizza Sales Data'!C4 -> 42370.513 | D4: ='Pizza Sales Data'!D4 -> Medium | E4: ='Pizza Sales Data'!E4 -> TRUE | F4: ='Pizza Sales Data'!F4 -> 70805 | G4: ='Pizza Sales Data'!G4 -> 1.8228411 | H4: ='Pizza Sales Data'!H4 -> 42370.52 | I4: ='Pizza Sales Data'!I4 -> 11.59
A5: ='Pizza Sales Data'!A5 -> 4 | B5: ='Pizza Sales Data'!B5 -> 42370.462 | C5: ='Pizza Sales Data'!C5 -> 42370.472 | D5: ='Pizza Sales Data'!D5 -> Small | E5: ='Pizza Sales Data'!E5 -> TRUE | F5: ='Pizza Sales Data'!F5 -> 70808 | G5: ='Pizza Sales Data'!G5 -> 0.4067065 | H5: ='Pizza Sales Data'!H5 -> 42370.473 | I5: ='Pizza Sales Data'!I5 -> 7.99
A6: ='Pizza Sales Data'!A6 -> 5 | B6: ='Pizza Sales Data'!B6 -> 42370.521 | C6: ='Pizza Sales Data'!C6 -> 42370.532 | D6: ='Pizza Sales Data'!D6 -> Medium | E6: ='Pizza Sales Data'!E6 -> TRUE | F6: ='Pizza Sales Data'!F6 -> 70803 | G6: ='Pizza Sales Data'!G6 -> 3.1854605 | H6: ='Pizza Sales Data'!H6 -> 42370.543 | I6: ='Pizza Sales Data'!I6 -> 11.59
A7: ='Pizza Sales Data'!A7 -> 6 | B7: ='Pizza Sales Data'!B7 -> 42370.517 | C7: ='Pizza Sales Data'!C7 -> 42370.527 | D7: ='Pizza Sales Data'!D7 -> Small,Medium | E7: ='Pizza Sales Data'!E7 -> FALSE | F7: ='Pizza Sales Data'!F7 -> 70803 | G7: ='Pizza Sales Data'!G7 -> 0 | H7: ='Pizza Sales Data'!H7 -> 42370.529 | I7: ='Pizza Sales Data'!I7 -> 19.58
A8: ='Pizza Sales Data'!A8 -> 7 | B8: ='Pizza Sales Data'!B8 -> 42370.427 | C8: ='Pizza Sales Data'!C8 -> 42370.437 | D8: ='Pizza Sales Data'!D8 -> Large | E8: ='Pizza Sales Data'!E8 -> FALSE | F8: ='Pizza Sales Data'!F8 -> 70805 | G8: ='Pizza Sales Data'!G8 -> 0 | H8: ='Pizza Sales Data'!H8 -> 42370.439 | I8: ='Pizza Sales Data'!I8 -> 15.35
A9: ='Pizza Sales Data'!A9 -> 8 | B9: ='Pizza Sales Data'!B9 -> 42370.518 | C9: ='Pizza Sales Data'!C9 -> 42370.528 | D9: ='Pizza Sales Data'!D9 -> Small,Medium | E9: ='Pizza Sales Data'!E9 -> FALSE | F9: ='Pizza Sales Data'!F9 -> 70805 | G9: ='Pizza Sales Data'!G9 -> 0 | H9: ='Pizza Sales Data'!H9 -> 42370.53 | I9: ='Pizza Sales Data'!I9 -> 19.58
A10: ='Pizza Sales Data'!A10 -> 9 | B10: ='Pizza Sales Data'!B10 -> 42370.495 | C10: ='Pizza Sales Data'!C10 -> 42370.505 | D10: ='Pizza Sales Data'!D10 -> Medium | E10: ='Pizza Sales Data'!E10 -> TRUE | F10: ='Pizza Sales Data'!F10 -> 70807 | G10: ='Pizza Sales Data'!G10 -> 4.4780138 | H10: ='Pizza Sales Data'!H10 -> 42370.521 | I10: ='Pizza Sales Data'!I10 -> 11.59
A11: ='Pizza Sales Data'!A11 -> 10 | B11: ='Pizza Sales Data'!B11 -> 42370.449 | C11: ='Pizza Sales Data'!C11 -> 42370.46 | D11: ='Pizza Sales Data'!D11 -> Small,Medium | E11: ='Pizza Sales Data'!E11 -> TRUE | F11: ='Pizza Sales Data'!F11 -> 70804 | G11: ='Pizza Sales Data'!G11 -> 5.2927543 | H11: ='Pizza Sales Data'!H11 -> 42370.478 | I11: ='Pizza Sales Data'!I11 -> 19.58
A12: ='Pizza Sales Data'!A12 -> 11 | B12: ='Pizza Sales Data'!B12 -> 42370.475 | C12: ='Pizza Sales Data'!C12 -> 42370.485 | D12: ='Pizza Sales Data'!D12 -> Small,Medium,Large | E12: ='Pizza Sales Data'!E12 -> TRUE | F12: ='Pizza Sales Data'!F12 -> 70805 | G12: ='Pizza Sales Data'!G12 -> 4.0123132 | H12: ='Pizza Sales Data'!H12 -> 42370.499 | I12: ='Pizza Sales Data'!I12 -> 33.93
... A3077: ='Pizza Sales Data'!A3077 -> 3076 | B3077: ='Pizza Sales Data'!B3077 -> 42400.53 | C3077: ='Pizza Sales Data'!C3077 -> 42400.541 | D3077: ='Pizza Sales Data'!D3077 -> Small | E3077: ='Pizza Sales Data'!E3077 -> FALSE | F3077: ='Pizza Sales Data'!F3077 -> 70803 | G3077: ='Pizza Sales Data'!G3077 -> 0 | H3077: ='Pizza Sales Data'!H3077 -> 42400.543 | I3077: ='Pizza Sales Data'!I3077 -> 7.99
