Workbook

Sheet FormatCodesSFX
A3: The CELL function returns | B3: Display
A4: ,0 | B4: comma format with 0 decimal places
A5: ,0- | B5: comma format with 0 decimal places, negative numbers in red
A6: ,1 | B6: comma format with 1 decimal places
A7: ,1- | B7: comma format with 1 decimal places, negative numbers in red
A8: ,2 | B8: comma format with 2 decimal places
A9: ,2- | B9: comma format with 2 decimal places, negative numbers in red
A10: ,3 | B10: comma format with 3 decimal places
A11: ,3- | B11: comma format with 3 decimal places, negative numbers in red
A12: ,4 | B12: comma format with 4 decimal places
A13: ,4- | B13: comma format with 4 decimal places, negative numbers in red
A14: C0 | B14: currency/accounting with 0 decimal places
... A53: S4 | B53: scientific with 4 decimal places

Sheet FeedbackSFX
A1: Rand | B1: =RANDBETWEEN(3,9) -> 6
A2: Code | B2: StuNAMsg | C2: PerfectMsg | D2: StuErrorMsg | E2: WrongTypeMsg | F2: MissingFormulaMsg | G2: ExternalRefsMsg | H2: HardCodeMsg | I2: HardQuoteMsg | J2: MissingAbsMsg | K2: FormatMsg | L2: TooLow | M2: TooHigh | N2: WrongAnswer
A3: Standard Message | B3: ERROR--#N/A means that no value was found, but there should be one. Please correct. | C3: PERFECT! | D3: ERROR--Please change the formula or function to eliminate the error. | E3: WRONG DATATYPE--Please change your answer to match the datatype listed above. | F3: MISSING FORMULA or FUNCTION--Please avoid typing an answer that can be calculated. Typed answers are error-prone, hard to audit, and hard to update. | G3: ERROR--Formula copied from another workbook. | H3: MISSING CELL REFERENCE--Right answer but please avoid typing numbers inside a formula or function. | I3: MISSING CELL REFERENCE--Right answer but please avoid typing text inside a formula or function. | J3: MISSING LOCK--Please add $ as appropriate so the formula will copy correctly. | K3: WRONG FORMAT--Please format as directed, then press F9 (or fn + F9) to regrade. | L3: Value too low, please try again. | M3: Value too high, please try again. | N3: Wrong answer, please try again.
A4: Funny Messages | B4: Oops! N/A found – formula missing its mark! 🎯❌ | C4: AWESOME! 🤓 | D4: Cell adrift in Error Sea. 🌊 Chart a formula fix! 🧭 | E4: Love Island error! Set up your data with the right datatype match. 💔🔄 | F4: Houston, formula required for this mission! 🚀🧩 | G4: Ouch! Cell caught referencing the workbook next door! 😣📚 | H4: Missed cell refs? Swap those numbers for proper invites! 📲➡️🎯 | I4: Missed cell refs? Swap that text for proper invites! _xD83D_➡️🎯 | J4: Unlocked cells? Add $ to ensure they copy correctly! 🔒➡️📄 | K4: Wrong number attire? Reformat, then F9 (or fn + F9)!⚙️ | L4: Too low, boost that number! 🔼 | M4: Too high, lower that number! 🔽 | N4: Seriously? Nope. Try again! 🙄🔄
B5: N/A signal! Did your formula forget something? 🤔🚦 | C5: EXCELLENT! 🤑 | D5: Formula Error Monster! 👾 Cast a fix-it spell. 🪄 | E5: Identity crisis in cell! Guide it to its true datatype. 🆔➡️🔧 | F5: Formula MIA? Let's launch a search! 🔍🛰 | G5: Cell's got a roving eye for other workbooks! Commitment time? 💍📁 | H5: Cell FOMO? Time to party with the right references! 🥳🔗 | I5: Cell FOMO? Time to party with the right references! 🥳🔗 | J5: Cells escaping when copied? $ is the key to containment! 🗝️🔐 | K5: Unkempt number? Reformat, then F9 (or fn + F9)! 🎩✨ | L5: Valley too deep? Raise the number! ⬆️🏞️ | M5: Sky-high value? Bring it down! ⬇️🌤️ | N5: Nope, that ain’t it. What’s next? ❌🤨
B6: #N/A in hideout, send formula back to search! 🔍🏹 | C6: YOU'RE CRUSHING IT! Keep that greatness coming! 💪✨ | D6: Formula fail! 🚨 Call the math-mobile for a recalc! 🚗 | E6: Mismatch alert! This isn't a mix-and-match. Align your datatypes. 🚫❌ | F6: Cell's bare! Quick, clothe it with a formula! 👚✨ | G6: Workbook envy? This cell's a one-book wonder! 😒🔒 | H6: Friends > numbers. Replace typed digits with cell pals! 🤝📊 | I6: Friends > text. Replace text with cell pals! 🤝📊 | J6: Spreadsheet anarchy? Use $ to copy cells without mayhem! 🔄🚫 | K6: Number's style off? Reformat, then F9 (or fn + F9) to fix! 👗🔄 | L6: Bottom feeder? Not this time—larger number needed. 📈 | M6: Top-shelf number? Time for a lower shelf. 📉 | N6: Wrong. Take another stab. 🎯👀
B7: N/A detected! Command your formula to find the value! 🎮🕹 | C7: STELLAR PERFORMANCE! The stars have nothing on you! 🌟🚀 | D7: Game on! 🎮 Hunt for the error-busting formula. 🔍 | E7: Data type mismatch! Swipe right on the correct datatype. 👈👉📲 | F7: Formula's gone poof! Time for a magic formula fix! 🪄📈 | G7: Cell fidelity: It's exclusive with our workbook! 🚫📖💕 | H7: Lonely numbers? Unite them with cell reference friends! 👯‍♂️🔢 | I7: Lonely text? Unite it with cell reference friends! 👯‍♂️🔢 | J7: Cells drifting during copy? $ will pin them in place! 📌📋 | K7: Make the number pretty! Reformat, then F9 (or fn + F9) for shine! 💅🔁 | L7: Limbo number? Go higher, please. 🏋️‍♂️ | M7: Number too tall? Bend it down a notch. _xD83D_⬇️ | N7: Uh-oh, swing and a miss! Focus and retry. ⚾️🧐
B8: N/A – a lonely cell where your formula lost its way! 🧭💔 | C8: A ROUND OF APPLAUSE! Your work deserves an encore! 👏👏🎉 | D8: Your formula's flipping out! 🤸‍♂️ Coach it to stick the landing. 🎖️ | E8: Costume mix-up! Your data needs to change into the correct datatype. 🎭✅ | F8: This cell's single, introduce it to a formula? 💔🧮 | G8: Forbidden cross-book cell mingling detected! 🙅‍♂️🚷 | H8: Formulas thrive on connections! Link up those cells! 🌐🤲 | I8: Formulas thrive on connections! Link up those cells! 🌐🤲 | J8: Copy chaos? Freeze cells with $, no more moves! ✋🔄 | K8: Number outfit mix-up? Reformat, hit F9 (or fn + F9)! 🧳🔄 | L8: Digging too deep? The correct value's higher up! 🚧⬆️ | M8: Climbing too high? The correct value's down below! 🧗‍♂️⬇️ | N8: That’s a negative. Try again! 🚫🔄
B9: N/A: Value's playing hard to get, or formula faux pas? 🎩🐰 | C9: HOME RUN! You've hit it out of the park! ⚾🏟️ | D9: Jittery cell? 📱 Prescribe a calming formula. 💊 | E9: Wrong type alert! Time for a datatype switcheroo. 🔄🔀 | F9: Forbidden formula zone? Summon the formula wizard! 🧙‍♂️📐 | G9: This cell's heart belongs to its home workbook! 🏠💔📉 | H9: Ditch the DIY. Cells crave references, not solitude! 🧩🔍 | I9: Ditch the DIY. Cells crave references, not solitude! 🧩🔍 | J9: Cells changing on copy? Anchor with $ for consistency! ⚓👌 | K9: Last season's cell? Format, then F9 (or fn + F9)! 🍂🆕 | L9: Basement value? Uplift the value! 🏠⤴️ | M9: Penthouse value? Downsize the digits! 🏢🔻 | N9: Not correct! Try again! 💡🔙
B10: N/A blank... Formula hiccup! Time for a fix-up! 🛠️😅 | C10: Bravo! That's some next-level excellence! 🎭🏆 | D10: Magic mirror says: This formula's not the fairest! 🪞 | E10: Data's two left feet? Find the right datatype dance partner. 💃🕺🎶 | F10: Cell playing hooky? Detention with a formula tutor! 🍎📖 | G10: Cell wanderlust? No, keep its formulas in this workbook's embrace! 🌍✋🔐 | H10: Solo formula? Add some cell reference company! 🎉📑 | I10: Solo formula? Add some cell reference company! 🎉📑 | J10: Copying cells gone rogue? Reinforce with $ for precision! 🎯💲 | K10: Format violation? Reformat, then F9 (or fn + F9)! 🚦👔 | L10: Number's too deep? Bring it up for air! 🌊🆙 | M10: Number's in the clouds? Land it gently! ☁️🛬 | N10: Incorrect! You can do better, redo! 🔄💪

Sheet Scoreboard
B2: ScoreBoard for Excel | I2: =$B$23&"/"&$C$23 -> 0/176
B3: Have fun. Don't Fail. | I3: =$D$23 -> 0
B4: Automated grading and feedback copyright ScoreboardExcel.com ©2025 | E4: =IFERROR(_xlfn.CONCAT("Excel version: ",INFO("release")),"Excel version: Invalid") -> Excel version: 16.0 | F4: {=IFERROR(IF(OR(ISERROR(_xlfn.RANDARRAY()), ISERROR(INFO("osversion"))), "Error: Please use Office 2021 desktop version or newer", _xlfn.CONCAT("Operating system: ", INFO("osversion"))),"Error: Please use Office 2021 desktop version or newer")} -> Operating system: Windows (32-bit) NT 10.00
B6: key_intromis-1-a_1PV
B7: Business Analytics with Excel
B8: Prof. Bartosiak | C8: =IF(OR($E$4="Excel version: Invalid", $F$4="Error: Please use Office 2021 desktop version or newer"), "****Error: Please use Office 2021 desktop version or newer****", "") | I8: 45986
B9: University of Pavia
B12: Earn points by completing shaded cells; higher value cells have distinct borders | F12: 1 | G12: 0.5 | H12: 1
B14: Answer blocks are all or nothing; correctly complete all contributing cells to earn points:
B16: If you accidentally drag a cell out of position, then undo. Do NOT try to drag it back. | F16: 5
B19: Detailed Feedback:
B20: Earned | C20: Possible | D20: Sheet | E20: Comment
B21: =IF(Sheet1SC!$A$2="","locked",Sheet1SC!$A$2) -> 0 | C21: =Sheet1SC!$B$2 -> 176 | D21: Sheet1 | F21: {=_xlfn.IFS(ROW(Sheet1!A100)<100,"A row has been deleted",COLUMN(Sheet1!BB1)<54,"A column has been deleted",ROW(Sheet1!A100)>100,"A row has been inserted",COLUMN(Sheet1!BB1)>54,"A column has been inserted",TRUE=TRUE,"")}
B23: =SUM(B21:B21) -> 0 | C23: =SUM(C21:C21) -> 176 | D23: =IFERROR(ROUNDUP($B$23/$C$23,3),0) -> 0
B35: This assignment was created by Scoreboard Excel 13.54.

Sheet Sheet1PT
A3: 1 | B3: 1 | C3: 1 | D3: 1 | E3: 1 | F3: 1 | G3: 1 | H3: 1
A4: 1 | B4: 1 | C4: 1 | D4: 1 | E4: 1 | F4: 1 | G4: 1 | H4: 1
A5: 1 | B5: 1 | C5: 1 | D5: 1 | E5: 1 | F5: 1 | G5: 1 | H5: 0
A6: 1 | B6: 1 | C6: 1 | D6: 1 | E6: 1 | F6: 1 | G6: 1 | H6: 0
A7: 1 | B7: 1 | C7: 1 | D7: 1 | E7: 1 | F7: 1 | G7: 1 | H7: 0
A8: 1 | B8: 1 | C8: 1 | D8: 1 | E8: 1 | F8: 1 | G8: 1 | H8: 0
A9: 1 | B9: 1 | C9: 1 | D9: 1 | E9: 1 | F9: 1 | G9: 1 | H9: 0
A10: 1 | B10: 1 | C10: 1 | D10: 1 | E10: 1 | F10: 1 | G10: 1 | H10: 0
A11: 1 | B11: 1 | C11: 1 | D11: 1 | E11: 1 | F11: 1 | G11: 1 | H11: 0
A12: 1 | B12: 1 | C12: 1 | D12: 1 | E12: 1 | F12: 1 | G12: 1 | H12: 0
A13: 1 | B13: 1 | C13: 1 | D13: 1 | E13: 1 | F13: 1 | G13: 1 | H13: 0
A14: 1 | B14: 1 | C14: 1 | D14: 1 | E14: 1 | F14: 1 | G14: 1 | H14: 0
... A28: 0 | B28: 0 | C28: 0 | D28: 0 | E28: 0 | F28: 0 | G28: 0 | H28: 0

Sheet Sheet1SC
A2: =IF(Sheet1!$D$2="DRAGGING CELLS IS NOT PERMITTED. PLEASE UNDO LAST ACTION!!",0,IF(Sheet1!$P$1<>"Feedback OFF",IF(Scoreboard!$F$21="",IFERROR(IF(B2=0,C2,IF(C2/B2>=Scoreboard!$F$19,C2,"")),""),0),0)) -> 0 | B2: =SUMIF(Sheet1PT!A3:$AL$27,">0") -> 176 | C2: =SUMIFS(Sheet1PT!A3:$AL$27, Sheet1PT!A3:$AL$27, ">0", Sheet1SC!A3:$AL$27, "PerfectMsg")+ABS(SUMIFS(Sheet1PT!A3:$AL$27, Sheet1PT!A3:$AL$27, "<0", Sheet1SC!A3:$AL$27, "PerfectMsg")) -> 0
A3: =_xlfn.IFS(ISBLANK(Sheet1!A3),"",IF(NOT(ISNA('#_Sheet1'!A3)),IF(ISNA(Sheet1!A3),TRUE,FALSE),FALSE),"StuNAMsg",IF(AND(ISNA('#_Sheet1'!A3),ISNA(Sheet1!A3)),TRUE,FALSE),"PerfectMsg",IF(NOT(ISERROR('#_Sheet1'!A3)),IF(ISERROR(Sheet1!A3),TRUE,FALSE),FALSE),"StuErrorMsg",IF(TYPE('#_Sheet1'!A3)<>TYPE(Sheet1!A3),TRUE,FALSE),"WrongTypeMsg",IF(ISNUMBER('#_Sheet1'!A3),IF(ABS('#_Sheet1'!A3-Sheet1!A3)>0.00001,TRUE,FALSE),IF('#_Sheet1'!A3<>Sheet1!A3,TRUE,FALSE)),IF(ISNUMBER('#_Sheet1'!A3),IF('#_Sheet1'!A3>Sheet1!A3,"TooLow","TooHigh"),"WrongAnswer"),NOT(_xlfn.ISFORMULA('#_Sheet1'!A3)),IF(_xlfn.IFS(ISTEXT('#_Sheet1'!A3),FALSE,ISLOGICAL('#_Sheet1'!A3),FALSE,SUBSTITUTE(CELL("format",'#_Sheet1'!A3),"-","")=SUBSTITUTE(CELL("format",Sheet1!A3),"-",""),FALSE,CELL("format",'#_Sheet1'!A3)="G",FALSE,AND(CELL("format",'#_Sheet1'!A3)="F0",CELL("format",Sheet1!A3)="G"),FALSE,TRUE,IFERROR(IF(MATCH(CELL("format",'#_Sheet1'!A3),FormatCodesSFX!$A$4:$A$53,0)>0,TRUE),FALSE),TRUE,TRUE),"FormatMsg","PerfectMsg"),_xlfn.IFS(ISTEXT('#_Sheet1'!A3),FALSE,ISLOGICAL('#_Sheet1'!A3),FALSE,SUBSTITUTE(CELL("format",'#_Sheet1'!A3),"-","")=SUBSTITUTE(CELL("format",Sheet1!A3),"-",""),FALSE,CELL("format",'#_Sheet1'!A3)="G",FALSE,AND(CELL("format",'#_Sheet1'!A3)="F0",CELL("format",Sheet1!A3)="G"),FALSE,TRUE,IFERROR(IF(MATCH(CELL("format",'#_Sheet1'!A3),FormatCodesSFX!$A$4:$A$53,0)>0,TRUE),FALSE),TRUE,TRUE),"FormatMsg",TRUE,"PerfectMsg") | B3: =_xlfn.IFS(ISBLANK(Sheet1!B3),"",IF(NOT(ISNA('#_Sheet1'!B3)),IF(ISNA(Sheet1!B3),TRUE,FALSE),FALSE),"StuNAMsg",IF(AND(ISNA('#_Sheet1'!B3),ISNA(Sheet1!B3)),TRUE,FALSE),"PerfectMsg",IF(NOT(ISERROR('#_Sheet1'!B3)),IF(ISERROR(Sheet1!B3),TRUE,FALSE),FALSE),"StuErrorMsg",IF(TYPE('#_Sheet1'!B3)<>TYPE(Sheet1!B3),TRUE,FALSE),"WrongTypeMsg",IF(ISNUMBER('#_Sheet1'!B3),IF(ABS('#_Sheet1'!B3-Sheet1!B3)>0.00001,TRUE,FALSE),IF('#_Sheet1'!B3<>Sheet1!B3,TRUE,FALSE)),IF(ISNUMBER('#_Sheet1'!B3),IF('#_Sheet1'!B3>Sheet1!B3,"TooLow","TooHigh"),"WrongAnswer"),NOT(_xlfn.ISFORMULA('#_Sheet1'!B3)),IF(_xlfn.IFS(ISTEXT('#_Sheet1'!B3),FALSE,ISLOGICAL('#_Sheet1'!B3),FALSE,SUBSTITUTE(CELL("format",'#_Sheet1'!B3),"-","")=SUBSTITUTE(CELL("format",Sheet1!B3),"-",""),FALSE,CELL("format",'#_Sheet1'!B3)="G",FALSE,AND(CELL("format",'#_Sheet1'!B3)="F0",CELL("format",Sheet1!B3)="G"),FALSE,TRUE,IFERROR(IF(MATCH(CELL("format",'#_Sheet1'!B3),FormatCodesSFX!$A$4:$A$53,0)>0,TRUE),FALSE),TRUE,TRUE),"FormatMsg","PerfectMsg"),_xlfn.IFS(ISTEXT('#_Sheet1'!B3),FALSE,ISLOGICAL('#_Sheet1'!B3),FALSE,SUBSTITUTE(CELL("format",'#_Sheet1'!B3),"-","")=SUBSTITUTE(CELL("format",Sheet1!B3),"-",""),FALSE,CELL("format",'#_Sheet1'!B3)="G",FALSE,AND(CELL("format",'#_Sheet1'!B3)="F0",CELL("format",Sheet1!B3)="G"),FALSE,TRUE,IFERROR(IF(MATCH(CELL("format",'#_Sheet1'!B3),FormatCodesSFX!$A$4:$A$53,0)>0,TRUE),FALSE),TRUE,TRUE),"FormatMsg",TRUE,"PerfectMsg") | C3: =_xlfn.IFS(ISBLANK(Sheet1!C3),"",IF(NOT(ISNA('#_Sheet1'!C3)),IF(ISNA(Sheet1!C3),TRUE,FALSE),FALSE),"StuNAMsg",IF(AND(ISNA('#_Sheet1'!C3),ISNA(Sheet1!C3)),TRUE,FALSE),"PerfectMsg",IF(NOT(ISERROR('#_Sheet1'!C3)),IF(ISERROR(Sheet1!C3),TRUE,FALSE),FALSE),"StuErrorMsg",IF(TYPE('#_Sheet1'!C3)<>TYPE(Sheet1!C3),TRUE,FALSE),"WrongTypeMsg",IF(ISNUMBER('#_Sheet1'!C3),IF(ABS('#_Sheet1'!C3-Sheet1!C3)>0.00001,TRUE,FALSE),IF('#_Sheet1'!C3<>Sheet1!C3,TRUE,FALSE)),IF(ISNUMBER('#_Sheet1'!C3),IF('#_Sheet1'!C3>Sheet1!C3,"TooLow","TooHigh"),"WrongAnswer"),NOT(_xlfn.ISFORMULA('#_Sheet1'!C3)),IF(_xlfn.IFS(ISTEXT('#_Sheet1'!C3),FALSE,ISLOGICAL('#_Sheet1'!C3),FALSE,SUBSTITUTE(CELL("format",'#_Sheet1'!C3),"-","")=SUBSTITUTE(CELL("format",Sheet1!C3),"-",""),FALSE,CELL("format",'#_Sheet1'!C3)="G",FALSE,AND(CELL("format",'#_Sheet1'!C3)="F0",CELL("format",Sheet1!C3)="G"),FALSE,TRUE,IFERROR(IF(MATCH(CELL("format",'#_Sheet1'!C3),FormatCodesSFX!$A$4:$A$53,0)>0,TRUE),FALSE),TRUE,TRUE),"FormatMsg","PerfectMsg"),_xlfn.IFS(ISTEXT('#_Sheet1'!C3),FALSE,ISLOGICAL('#_Sheet1'!C3),FALSE,SUBSTITUTE(CELL("format",'#_Sheet1'!C3),"-","")=SUBSTITUTE(CELL("format",Sheet1!C3),"-",""),FALSE,CELL("format",'#_Sheet1'!C3)="G",FALSE,AND(CELL("format",'#_Sheet1'!C3)="F0",CELL("format",Sheet1!C3)="G"),FALSE,TRUE,IFERROR(IF(MATCH(CELL("format",'#_Sheet1'!C3),FormatCodesSFX!$A$4:$A$53,0)>0,TRUE),FALSE),TRUE,TRUE),"FormatMsg",TRUE,"PerfectMsg") | D3: =_xlfn.IFS(ISBLANK(Sheet1!D3),"",IF(NOT(ISNA('#_Sheet1'!D3)),IF(ISNA(Sheet1!D3),TRUE,FALSE),FALSE),"StuNAMsg",IF(AND(ISNA('#_Sheet1'!D3),ISNA(Sheet1!D3)),TRUE,FALSE),"PerfectMsg",IF(NOT(ISERROR('#_Sheet1'!D3)),IF(ISERROR(Sheet1!D3),TRUE,FALSE),FALSE),"StuErrorMsg",IF(TYPE('#_Sheet1'!D3)<>TYPE(Sheet1!D3),TRUE,FALSE),"WrongTypeMsg",IF(ISNUMBER('#_Sheet1'!D3),IF(ABS('#_Sheet1'!D3-Sheet1!D3)>0.00001,TRUE,FALSE),IF('#_Sheet1'!D3<>Sheet1!D3,TRUE,FALSE)),IF(ISNUMBER('#_Sheet1'!D3),IF('#_Sheet1'!D3>Sheet1!D3,"TooLow","TooHigh"),"WrongAnswer"),NOT(_xlfn.ISFORMULA('#_Sheet1'!D3)),IF(_xlfn.IFS(ISTEXT('#_Sheet1'!D3),FALSE,ISLOGICAL('#_Sheet1'!D3),FALSE,SUBSTITUTE(CELL("format",'#_Sheet1'!D3),"-","")=SUBSTITUTE(CELL("format",Sheet1!D3),"-",""),FALSE,CELL("format",'#_Sheet1'!D3)="G",FALSE,AND(CELL("format",'#_Sheet1'!D3)="F0",CELL("format",Sheet1!D3)="G"),FALSE,TRUE,IFERROR(IF(MATCH(CELL("format",'#_Sheet1'!D3),FormatCodesSFX!$A$4:$A$53,0)>0,TRUE),FALSE),TRUE,TRUE),"FormatMsg","PerfectMsg"),_xlfn.IFS(ISTEXT('#_Sheet1'!D3),FALSE,ISLOGICAL('#_Sheet1'!D3),FALSE,SUBSTITUTE(CELL("format",'#_Sheet1'!D3),"-","")=SUBSTITUTE(CELL("format",Sheet1!D3),"-",""),FALSE,CELL("format",'#_Sheet1'!D3)="G",FALSE,AND(CELL("format",'#_Sheet1'!D3)="F0",CELL("format",Sheet1!D3)="G"),FALSE,TRUE,IFERROR(IF(MATCH(CELL("format",'#_Sheet1'!D3),FormatCodesSFX!$A$4:$A$53,0)>0,TRUE),FALSE),TRUE,TRUE),"FormatMsg",TRUE,"PerfectMsg") | E3: =_xlfn.IFS(ISBLANK(Sheet1!E3),"",IF(NOT(ISNA('#_Sheet1'!E3)),IF(ISNA(Sheet1!E3),TRUE,FALSE),FALSE),"StuNAMsg",IF(AND(ISNA('#_Sheet1'!E3),ISNA(Sheet1!E3)),TRUE,FALSE),"PerfectMsg",IF(NOT(ISERROR('#_Sheet1'!E3)),IF(ISERROR(Sheet1!E3),TRUE,FALSE),FALSE),"StuErrorMsg",IF(TYPE('#_Sheet1'!E3)<>TYPE(Sheet1!E3),TRUE,FALSE),"WrongTypeMsg",IF(ISNUMBER('#_Sheet1'!E3),IF(ABS('#_Sheet1'!E3-Sheet1!E3)>0.00001,TRUE,FALSE),IF('#_Sheet1'!E3<>Sheet1!E3,TRUE,FALSE)),IF(ISNUMBER('#_Sheet1'!E3),IF('#_Sheet1'!E3>Sheet1!E3,"TooLow","TooHigh"),"WrongAnswer"),NOT(_xlfn.ISFORMULA('#_Sheet1'!E3)),IF(_xlfn.IFS(ISTEXT('#_Sheet1'!E3),FALSE,ISLOGICAL('#_Sheet1'!E3),FALSE,SUBSTITUTE(CELL("format",'#_Sheet1'!E3),"-","")=SUBSTITUTE(CELL("format",Sheet1!E3),"-",""),FALSE,CELL("format",'#_Sheet1'!E3)="G",FALSE,AND(CELL("format",'#_Sheet1'!E3)="F0",CELL("format",Sheet1!E3)="G"),FALSE,TRUE,IFERROR(IF(MATCH(CELL("format",'#_Sheet1'!E3),FormatCodesSFX!$A$4:$A$53,0)>0,TRUE),FALSE),TRUE,TRUE),"FormatMsg","PerfectMsg"),_xlfn.IFS(ISTEXT('#_Sheet1'!E3),FALSE,ISLOGICAL('#_Sheet1'!E3),FALSE,SUBSTITUTE(CELL("format",'#_Sheet1'!E3),"-","")=SUBSTITUTE(CELL("format",Sheet1!E3),"-",""),FALSE,CELL("format",'#_Sheet1'!E3)="G",FALSE,AND(CELL("format",'#_Sheet1'!E3)="F0",CELL("format",Sheet1!E3)="G"),FALSE,TRUE,IFERROR(IF(MATCH(CELL("format",'#_Sheet1'!E3),FormatCodesSFX!$A$4:$A$53,0)>0,TRUE),FALSE),TRUE,TRUE),"FormatMsg",TRUE,"PerfectMsg") | F3: =_xlfn.IFS(ISBLANK(Sheet1!F3),"",IF(NOT(ISNA('#_Sheet1'!F3)),IF(ISNA(Sheet1!F3),TRUE,FALSE),FALSE),"StuNAMsg",IF(AND(ISNA('#_Sheet1'!F3),ISNA(Sheet1!F3)),TRUE,FALSE),"PerfectMsg",IF(NOT(ISERROR('#_Sheet1'!F3)),IF(ISERROR(Sheet1!F3),TRUE,FALSE),FALSE),"StuErrorMsg",IF(TYPE('#_Sheet1'!F3)<>TYPE(Sheet1!F3),TRUE,FALSE),"WrongTypeMsg",IF(ISNUMBER('#_Sheet1'!F3),IF(ABS('#_Sheet1'!F3-Sheet1!F3)>0.00001,TRUE,FALSE),IF('#_Sheet1'!F3<>Sheet1!F3,TRUE,FALSE)),IF(ISNUMBER('#_Sheet1'!F3),IF('#_Sheet1'!F3>Sheet1!F3,"TooLow","TooHigh"),"WrongAnswer"),NOT(_xlfn.ISFORMULA('#_Sheet1'!F3)),IF(_xlfn.IFS(ISTEXT('#_Sheet1'!F3),FALSE,ISLOGICAL('#_Sheet1'!F3),FALSE,SUBSTITUTE(CELL("format",'#_Sheet1'!F3),"-","")=SUBSTITUTE(CELL("format",Sheet1!F3),"-",""),FALSE,CELL("format",'#_Sheet1'!F3)="G",FALSE,AND(CELL("format",'#_Sheet1'!F3)="F0",CELL("format",Sheet1!F3)="G"),FALSE,TRUE,IFERROR(IF(MATCH(CELL("format",'#_Sheet1'!F3),FormatCodesSFX!$A$4:$A$53,0)>0,TRUE),FALSE),TRUE,TRUE),"FormatMsg","PerfectMsg"),_xlfn.IFS(ISTEXT('#_Sheet1'!F3),FALSE,ISLOGICAL('#_Sheet1'!F3),FALSE,SUBSTITUTE(CELL("format",'#_Sheet1'!F3),"-","")=SUBSTITUTE(CELL("format",Sheet1!F3),"-",""),FALSE,CELL("format",'#_Sheet1'!F3)="G",FALSE,AND(CELL("format",'#_Sheet1'!F3)="F0",CELL("format",Sheet1!F3)="G"),FALSE,TRUE,IFERROR(IF(MATCH(CELL("format",'#_Sheet1'!F3),FormatCodesSFX!$A$4:$A$53,0)>0,TRUE),FALSE),TRUE,TRUE),"FormatMsg",TRUE,"PerfectMsg") | G3: =_xlfn.IFS(ISBLANK(Sheet1!G3),"",IF(NOT(ISNA('#_Sheet1'!G3)),IF(ISNA(Sheet1!G3),TRUE,FALSE),FALSE),"StuNAMsg",IF(AND(ISNA('#_Sheet1'!G3),ISNA(Sheet1!G3)),TRUE,FALSE),"PerfectMsg",IF(NOT(ISERROR('#_Sheet1'!G3)),IF(ISERROR(Sheet1!G3),TRUE,FALSE),FALSE),"StuErrorMsg",IF(TYPE('#_Sheet1'!G3)<>TYPE(Sheet1!G3),TRUE,FALSE),"WrongTypeMsg",IF(ISNUMBER('#_Sheet1'!G3),IF(ABS('#_Sheet1'!G3-Sheet1!G3)>0.00001,TRUE,FALSE),IF('#_Sheet1'!G3<>Sheet1!G3,TRUE,FALSE)),IF(ISNUMBER('#_Sheet1'!G3),IF('#_Sheet1'!G3>Sheet1!G3,"TooLow","TooHigh"),"WrongAnswer"),NOT(_xlfn.ISFORMULA('#_Sheet1'!G3)),IF(_xlfn.IFS(ISTEXT('#_Sheet1'!G3),FALSE,ISLOGICAL('#_Sheet1'!G3),FALSE,SUBSTITUTE(CELL("format",'#_Sheet1'!G3),"-","")=SUBSTITUTE(CELL("format",Sheet1!G3),"-",""),FALSE,CELL("format",'#_Sheet1'!G3)="G",FALSE,AND(CELL("format",'#_Sheet1'!G3)="F0",CELL("format",Sheet1!G3)="G"),FALSE,TRUE,IFERROR(IF(MATCH(CELL("format",'#_Sheet1'!G3),FormatCodesSFX!$A$4:$A$53,0)>0,TRUE),FALSE),TRUE,TRUE),"FormatMsg","PerfectMsg"),_xlfn.IFS(ISTEXT('#_Sheet1'!G3),FALSE,ISLOGICAL('#_Sheet1'!G3),FALSE,SUBSTITUTE(CELL("format",'#_Sheet1'!G3),"-","")=SUBSTITUTE(CELL("format",Sheet1!G3),"-",""),FALSE,CELL("format",'#_Sheet1'!G3)="G",FALSE,AND(CELL("format",'#_Sheet1'!G3)="F0",CELL("format",Sheet1!G3)="G"),FALSE,TRUE,IFERROR(IF(MATCH(CELL("format",'#_Sheet1'!G3),FormatCodesSFX!$A$4:$A$53,0)>0,TRUE),FALSE),TRUE,TRUE),"FormatMsg",TRUE,"PerfectMsg") | H3: =_xlfn.IFS(ISBLANK(Sheet1!H3),"",IF(NOT(ISNA('#_Sheet1'!H3)),IF(ISNA(Sheet1!H3),TRUE,FALSE),FALSE),"StuNAMsg",IF(AND(ISNA('#_Sheet1'!H3),ISNA(Sheet1!H3)),TRUE,FALSE),"PerfectMsg",IF(NOT(ISERROR('#_Sheet1'!H3)),IF(ISERROR(Sheet1!H3),TRUE,FALSE),FALSE),"StuErrorMsg",IF(TYPE('#_Sheet1'!H3)<>TYPE(Sheet1!H3),TRUE,FALSE),"WrongTypeMsg",IF(ISNUMBER('#_Sheet1'!H3),IF(ABS('#_Sheet1'!H3-Sheet1!H3)>0.00001,TRUE,FALSE),IF('#_Sheet1'!H3<>Sheet1!H3,TRUE,FALSE)),IF(ISNUMBER('#_Sheet1'!H3),IF('#_Sheet1'!H3>Sheet1!H3,"TooLow","TooHigh"),"WrongAnswer"),NOT(_xlfn.ISFORMULA('#_Sheet1'!H3)),IF(_xlfn.IFS(ISTEXT('#_Sheet1'!H3),FALSE,ISLOGICAL('#_Sheet1'!H3),FALSE,SUBSTITUTE(CELL("format",'#_Sheet1'!H3),"-","")=SUBSTITUTE(CELL("format",Sheet1!H3),"-",""),FALSE,CELL("format",'#_Sheet1'!H3)="G",FALSE,AND(CELL("format",'#_Sheet1'!H3)="F0",CELL("format",Sheet1!H3)="G"),FALSE,TRUE,IFERROR(IF(MATCH(CELL("format",'#_Sheet1'!H3),FormatCodesSFX!$A$4:$A$53,0)>0,TRUE),FALSE),TRUE,TRUE),"FormatMsg","PerfectMsg"),_xlfn.IFS(ISTEXT('#_Sheet1'!H3),FALSE,ISLOGICAL('#_Sheet1'!H3),FALSE,SUBSTITUTE(CELL("format",'#_Sheet1'!H3),"-","")=SUBSTITUTE(CELL("format",Sheet1!H3),"-",""),FALSE,CELL("format",'#_Sheet1'!H3)="G",FALSE,AND(CELL("format",'#_Sheet1'!H3)="F0",CELL("format",Sheet1!H3)="G"),FALSE,TRUE,IFERROR(IF(MATCH(CELL("format",'#_Sheet1'!H3),FormatCodesSFX!$A$4:$A$53,0)>0,TRUE),FALSE),TRUE,TRUE),"FormatMsg",TRUE,"PerfectMsg")
A4: =_xlfn.IFS(ISBLANK(Sheet1!A4),"",IF(NOT(ISNA('#_Sheet1'!A4)),IF(ISNA(Sheet1!A4),TRUE,FALSE),FALSE),"StuNAMsg",IF(AND(ISNA('#_Sheet1'!A4),ISNA(Sheet1!A4)),TRUE,FALSE),"PerfectMsg",IF(NOT(ISERROR('#_Sheet1'!A4)),IF(ISERROR(Sheet1!A4),TRUE,FALSE),FALSE),"StuErrorMsg",IF(TYPE('#_Sheet1'!A4)<>TYPE(Sheet1!A4),TRUE,FALSE),"WrongTypeMsg",IF(ISNUMBER('#_Sheet1'!A4),IF(ABS('#_Sheet1'!A4-Sheet1!A4)>0.00001,TRUE,FALSE),IF('#_Sheet1'!A4<>Sheet1!A4,TRUE,FALSE)),IF(ISNUMBER('#_Sheet1'!A4),IF('#_Sheet1'!A4>Sheet1!A4,"TooLow","TooHigh"),"WrongAnswer"),NOT(_xlfn.ISFORMULA('#_Sheet1'!A4)),IF(_xlfn.IFS(ISTEXT('#_Sheet1'!A4),FALSE,ISLOGICAL('#_Sheet1'!A4),FALSE,SUBSTITUTE(CELL("format",'#_Sheet1'!A4),"-","")=SUBSTITUTE(CELL("format",Sheet1!A4),"-",""),FALSE,CELL("format",'#_Sheet1'!A4)="G",FALSE,AND(CELL("format",'#_Sheet1'!A4)="F0",CELL("format",Sheet1!A4)="G"),FALSE,TRUE,IFERROR(IF(MATCH(CELL("format",'#_Sheet1'!A4),FormatCodesSFX!$A$4:$A$53,0)>0,TRUE),FALSE),TRUE,TRUE),"FormatMsg","PerfectMsg"),_xlfn.IFS(ISTEXT('#_Sheet1'!A4),FALSE,ISLOGICAL('#_Sheet1'!A4),FALSE,SUBSTITUTE(CELL("format",'#_Sheet1'!A4),"-","")=SUBSTITUTE(CELL("format",Sheet1!A4),"-",""),FALSE,CELL("format",'#_Sheet1'!A4)="G",FALSE,AND(CELL("format",'#_Sheet1'!A4)="F0",CELL("format",Sheet1!A4)="G"),FALSE,TRUE,IFERROR(IF(MATCH(CELL("format",'#_Sheet1'!A4),FormatCodesSFX!$A$4:$A$53,0)>0,TRUE),FALSE),TRUE,TRUE),"FormatMsg",TRUE,"PerfectMsg") | B4: =_xlfn.IFS(ISBLANK(Sheet1!B4),"",IF(NOT(ISNA('#_Sheet1'!B4)),IF(ISNA(Sheet1!B4),TRUE,FALSE),FALSE),"StuNAMsg",IF(AND(ISNA('#_Sheet1'!B4),ISNA(Sheet1!B4)),TRUE,FALSE),"PerfectMsg",IF(NOT(ISERROR('#_Sheet1'!B4)),IF(ISERROR(Sheet1!B4),TRUE,FALSE),FALSE),"StuErrorMsg",IF(TYPE('#_Sheet1'!B4)<>TYPE(Sheet1!B4),TRUE,FALSE),"WrongTypeMsg",IF(ISNUMBER('#_Sheet1'!B4),IF(ABS('#_Sheet1'!B4-Sheet1!B4)>0.00001,TRUE,FALSE),IF('#_Sheet1'!B4<>Sheet1!B4,TRUE,FALSE)),IF(ISNUMBER('#_Sheet1'!B4),IF('#_Sheet1'!B4>Sheet1!B4,"TooLow","TooHigh"),"WrongAnswer"),NOT(_xlfn.ISFORMULA('#_Sheet1'!B4)),IF(_xlfn.IFS(ISTEXT('#_Sheet1'!B4),FALSE,ISLOGICAL('#_Sheet1'!B4),FALSE,SUBSTITUTE(CELL("format",'#_Sheet1'!B4),"-","")=SUBSTITUTE(CELL("format",Sheet1!B4),"-",""),FALSE,CELL("format",'#_Sheet1'!B4)="G",FALSE,AND(CELL("format",'#_Sheet1'!B4)="F0",CELL("format",Sheet1!B4)="G"),FALSE,TRUE,IFERROR(IF(MATCH(CELL("format",'#_Sheet1'!B4),FormatCodesSFX!$A$4:$A$53,0)>0,TRUE),FALSE),TRUE,TRUE),"FormatMsg","PerfectMsg"),_xlfn.IFS(ISTEXT('#_Sheet1'!B4),FALSE,ISLOGICAL('#_Sheet1'!B4),FALSE,SUBSTITUTE(CELL("format",'#_Sheet1'!B4),"-","")=SUBSTITUTE(CELL("format",Sheet1!B4),"-",""),FALSE,CELL("format",'#_Sheet1'!B4)="G",FALSE,AND(CELL("format",'#_Sheet1'!B4)="F0",CELL("format",Sheet1!B4)="G"),FALSE,TRUE,IFERROR(IF(MATCH(CELL("format",'#_Sheet1'!B4),FormatCodesSFX!$A$4:$A$53,0)>0,TRUE),FALSE),TRUE,TRUE),"FormatMsg",TRUE,"PerfectMsg") | C4: =_xlfn.IFS(ISBLANK(Sheet1!C4),"",IF(NOT(ISNA('#_Sheet1'!C4)),IF(ISNA(Sheet1!C4),TRUE,FALSE),FALSE),"StuNAMsg",IF(AND(ISNA('#_Sheet1'!C4),ISNA(Sheet1!C4)),TRUE,FALSE),"PerfectMsg",IF(NOT(ISERROR('#_Sheet1'!C4)),IF(ISERROR(Sheet1!C4),TRUE,FALSE),FALSE),"StuErrorMsg",IF(TYPE('#_Sheet1'!C4)<>TYPE(Sheet1!C4),TRUE,FALSE),"WrongTypeMsg",IF(ISNUMBER('#_Sheet1'!C4),IF(ABS('#_Sheet1'!C4-Sheet1!C4)>0.00001,TRUE,FALSE),IF('#_Sheet1'!C4<>Sheet1!C4,TRUE,FALSE)),IF(ISNUMBER('#_Sheet1'!C4),IF('#_Sheet1'!C4>Sheet1!C4,"TooLow","TooHigh"),"WrongAnswer"),NOT(_xlfn.ISFORMULA('#_Sheet1'!C4)),IF(_xlfn.IFS(ISTEXT('#_Sheet1'!C4),FALSE,ISLOGICAL('#_Sheet1'!C4),FALSE,SUBSTITUTE(CELL("format",'#_Sheet1'!C4),"-","")=SUBSTITUTE(CELL("format",Sheet1!C4),"-",""),FALSE,CELL("format",'#_Sheet1'!C4)="G",FALSE,AND(CELL("format",'#_Sheet1'!C4)="F0",CELL("format",Sheet1!C4)="G"),FALSE,TRUE,IFERROR(IF(MATCH(CELL("format",'#_Sheet1'!C4),FormatCodesSFX!$A$4:$A$53,0)>0,TRUE),FALSE),TRUE,TRUE),"FormatMsg","PerfectMsg"),_xlfn.IFS(ISTEXT('#_Sheet1'!C4),FALSE,ISLOGICAL('#_Sheet1'!C4),FALSE,SUBSTITUTE(CELL("format",'#_Sheet1'!C4),"-","")=SUBSTITUTE(CELL("format",Sheet1!C4),"-",""),FALSE,CELL("format",'#_Sheet1'!C4)="G",FALSE,AND(CELL("format",'#_Sheet1'!C4)="F0",CELL("format",Sheet1!C4)="G"),FALSE,TRUE,IFERROR(IF(MATCH(CELL("format",'#_Sheet1'!C4),FormatCodesSFX!$A$4:$A$53,0)>0,TRUE),FALSE),TRUE,TRUE),"FormatMsg",TRUE,"PerfectMsg") | D4: =_xlfn.IFS(ISBLANK(Sheet1!D4),"",IF(NOT(ISNA('#_Sheet1'!D4)),IF(ISNA(Sheet1!D4),TRUE,FALSE),FALSE),"StuNAMsg",IF(AND(ISNA('#_Sheet1'!D4),ISNA(Sheet1!D4)),TRUE,FALSE),"PerfectMsg",IF(NOT(ISERROR('#_Sheet1'!D4)),IF(ISERROR(Sheet1!D4),TRUE,FALSE),FALSE),"StuErrorMsg",IF(TYPE('#_Sheet1'!D4)<>TYPE(Sheet1!D4),TRUE,FALSE),"WrongTypeMsg",IF(ISNUMBER('#_Sheet1'!D4),IF(ABS('#_Sheet1'!D4-Sheet1!D4)>0.00001,TRUE,FALSE),IF('#_Sheet1'!D4<>Sheet1!D4,TRUE,FALSE)),IF(ISNUMBER('#_Sheet1'!D4),IF('#_Sheet1'!D4>Sheet1!D4,"TooLow","TooHigh"),"WrongAnswer"),NOT(_xlfn.ISFORMULA('#_Sheet1'!D4)),IF(_xlfn.IFS(ISTEXT('#_Sheet1'!D4),FALSE,ISLOGICAL('#_Sheet1'!D4),FALSE,SUBSTITUTE(CELL("format",'#_Sheet1'!D4),"-","")=SUBSTITUTE(CELL("format",Sheet1!D4),"-",""),FALSE,CELL("format",'#_Sheet1'!D4)="G",FALSE,AND(CELL("format",'#_Sheet1'!D4)="F0",CELL("format",Sheet1!D4)="G"),FALSE,TRUE,IFERROR(IF(MATCH(CELL("format",'#_Sheet1'!D4),FormatCodesSFX!$A$4:$A$53,0)>0,TRUE),FALSE),TRUE,TRUE),"FormatMsg","PerfectMsg"),_xlfn.IFS(ISTEXT('#_Sheet1'!D4),FALSE,ISLOGICAL('#_Sheet1'!D4),FALSE,SUBSTITUTE(CELL("format",'#_Sheet1'!D4),"-","")=SUBSTITUTE(CELL("format",Sheet1!D4),"-",""),FALSE,CELL("format",'#_Sheet1'!D4)="G",FALSE,AND(CELL("format",'#_Sheet1'!D4)="F0",CELL("format",Sheet1!D4)="G"),FALSE,TRUE,IFERROR(IF(MATCH(CELL("format",'#_Sheet1'!D4),FormatCodesSFX!$A$4:$A$53,0)>0,TRUE),FALSE),TRUE,TRUE),"FormatMsg",TRUE,"PerfectMsg") | E4: =_xlfn.IFS(ISBLANK(Sheet1!E4),"",IF(NOT(ISNA('#_Sheet1'!E4)),IF(ISNA(Sheet1!E4),TRUE,FALSE),FALSE),"StuNAMsg",IF(AND(ISNA('#_Sheet1'!E4),ISNA(Sheet1!E4)),TRUE,FALSE),"PerfectMsg",IF(NOT(ISERROR('#_Sheet1'!E4)),IF(ISERROR(Sheet1!E4),TRUE,FALSE),FALSE),"StuErrorMsg",IF(TYPE('#_Sheet1'!E4)<>TYPE(Sheet1!E4),TRUE,FALSE),"WrongTypeMsg",IF(ISNUMBER('#_Sheet1'!E4),IF(ABS('#_Sheet1'!E4-Sheet1!E4)>0.00001,TRUE,FALSE),IF('#_Sheet1'!E4<>Sheet1!E4,TRUE,FALSE)),IF(ISNUMBER('#_Sheet1'!E4),IF('#_Sheet1'!E4>Sheet1!E4,"TooLow","TooHigh"),"WrongAnswer"),NOT(_xlfn.ISFORMULA('#_Sheet1'!E4)),IF(_xlfn.IFS(ISTEXT('#_Sheet1'!E4),FALSE,ISLOGICAL('#_Sheet1'!E4),FALSE,SUBSTITUTE(CELL("format",'#_Sheet1'!E4),"-","")=SUBSTITUTE(CELL("format",Sheet1!E4),"-",""),FALSE,CELL("format",'#_Sheet1'!E4)="G",FALSE,AND(CELL("format",'#_Sheet1'!E4)="F0",CELL("format",Sheet1!E4)="G"),FALSE,TRUE,IFERROR(IF(MATCH(CELL("format",'#_Sheet1'!E4),FormatCodesSFX!$A$4:$A$53,0)>0,TRUE),FALSE),TRUE,TRUE),"FormatMsg","PerfectMsg"),_xlfn.IFS(ISTEXT('#_Sheet1'!E4),FALSE,ISLOGICAL('#_Sheet1'!E4),FALSE,SUBSTITUTE(CELL("format",'#_Sheet1'!E4),"-","")=SUBSTITUTE(CELL("format",Sheet1!E4),"-",""),FALSE,CELL("format",'#_Sheet1'!E4)="G",FALSE,AND(CELL("format",'#_Sheet1'!E4)="F0",CELL("format",Sheet1!E4)="G"),FALSE,TRUE,IFERROR(IF(MATCH(CELL("format",'#_Sheet1'!E4),FormatCodesSFX!$A$4:$A$53,0)>0,TRUE),FALSE),TRUE,TRUE),"FormatMsg",TRUE,"PerfectMsg") | F4: =_xlfn.IFS(ISBLANK(Sheet1!F4),"",IF(NOT(ISNA('#_Sheet1'!F4)),IF(ISNA(Sheet1!F4),TRUE,FALSE),FALSE),"StuNAMsg",IF(AND(ISNA('#_Sheet1'!F4),ISNA(Sheet1!F4)),TRUE,FALSE),"PerfectMsg",IF(NOT(ISERROR('#_Sheet1'!F4)),IF(ISERROR(Sheet1!F4),TRUE,FALSE),FALSE),"StuErrorMsg",IF(TYPE('#_Sheet1'!F4)<>TYPE(Sheet1!F4),TRUE,FALSE),"WrongTypeMsg",IF(ISNUMBER('#_Sheet1'!F4),IF(ABS('#_Sheet1'!F4-Sheet1!F4)>0.00001,TRUE,FALSE),IF('#_Sheet1'!F4<>Sheet1!F4,TRUE,FALSE)),IF(ISNUMBER('#_Sheet1'!F4),IF('#_Sheet1'!F4>Sheet1!F4,"TooLow","TooHigh"),"WrongAnswer"),NOT(_xlfn.ISFORMULA('#_Sheet1'!F4)),IF(_xlfn.IFS(ISTEXT('#_Sheet1'!F4),FALSE,ISLOGICAL('#_Sheet1'!F4),FALSE,SUBSTITUTE(CELL("format",'#_Sheet1'!F4),"-","")=SUBSTITUTE(CELL("format",Sheet1!F4),"-",""),FALSE,CELL("format",'#_Sheet1'!F4)="G",FALSE,AND(CELL("format",'#_Sheet1'!F4)="F0",CELL("format",Sheet1!F4)="G"),FALSE,TRUE,IFERROR(IF(MATCH(CELL("format",'#_Sheet1'!F4),FormatCodesSFX!$A$4:$A$53,0)>0,TRUE),FALSE),TRUE,TRUE),"FormatMsg","PerfectMsg"),_xlfn.IFS(ISTEXT('#_Sheet1'!F4),FALSE,ISLOGICAL('#_Sheet1'!F4),FALSE,SUBSTITUTE(CELL("format",'#_Sheet1'!F4),"-","")=SUBSTITUTE(CELL("format",Sheet1!F4),"-",""),FALSE,CELL("format",'#_Sheet1'!F4)="G",FALSE,AND(CELL("format",'#_Sheet1'!F4)="F0",CELL("format",Sheet1!F4)="G"),FALSE,TRUE,IFERROR(IF(MATCH(CELL("format",'#_Sheet1'!F4),FormatCodesSFX!$A$4:$A$53,0)>0,TRUE),FALSE),TRUE,TRUE),"FormatMsg",TRUE,"PerfectMsg") | G4: =_xlfn.IFS(ISBLANK(Sheet1!G4),"",IF(NOT(ISNA('#_Sheet1'!G4)),IF(ISNA(Sheet1!G4),TRUE,FALSE),FALSE),"StuNAMsg",IF(AND(ISNA('#_Sheet1'!G4),ISNA(Sheet1!G4)),TRUE,FALSE),"PerfectMsg",IF(NOT(ISERROR('#_Sheet1'!G4)),IF(ISERROR(Sheet1!G4),TRUE,FALSE),FALSE),"StuErrorMsg",IF(TYPE('#_Sheet1'!G4)<>TYPE(Sheet1!G4),TRUE,FALSE),"WrongTypeMsg",IF(ISNUMBER('#_Sheet1'!G4),IF(ABS('#_Sheet1'!G4-Sheet1!G4)>0.00001,TRUE,FALSE),IF('#_Sheet1'!G4<>Sheet1!G4,TRUE,FALSE)),IF(ISNUMBER('#_Sheet1'!G4),IF('#_Sheet1'!G4>Sheet1!G4,"TooLow","TooHigh"),"WrongAnswer"),NOT(_xlfn.ISFORMULA('#_Sheet1'!G4)),IF(_xlfn.IFS(ISTEXT('#_Sheet1'!G4),FALSE,ISLOGICAL('#_Sheet1'!G4),FALSE,SUBSTITUTE(CELL("format",'#_Sheet1'!G4),"-","")=SUBSTITUTE(CELL("format",Sheet1!G4),"-",""),FALSE,CELL("format",'#_Sheet1'!G4)="G",FALSE,AND(CELL("format",'#_Sheet1'!G4)="F0",CELL("format",Sheet1!G4)="G"),FALSE,TRUE,IFERROR(IF(MATCH(CELL("format",'#_Sheet1'!G4),FormatCodesSFX!$A$4:$A$53,0)>0,TRUE),FALSE),TRUE,TRUE),"FormatMsg","PerfectMsg"),_xlfn.IFS(ISTEXT('#_Sheet1'!G4),FALSE,ISLOGICAL('#_Sheet1'!G4),FALSE,SUBSTITUTE(CELL("format",'#_Sheet1'!G4),"-","")=SUBSTITUTE(CELL("format",Sheet1!G4),"-",""),FALSE,CELL("format",'#_Sheet1'!G4)="G",FALSE,AND(CELL("format",'#_Sheet1'!G4)="F0",CELL("format",Sheet1!G4)="G"),FALSE,TRUE,IFERROR(IF(MATCH(CELL("format",'#_Sheet1'!G4),FormatCodesSFX!$A$4:$A$53,0)>0,TRUE),FALSE),TRUE,TRUE),"FormatMsg",TRUE,"PerfectMsg") | H4: =_xlfn.IFS(ISBLANK(Sheet1!H4),"",IF(NOT(ISNA('#_Sheet1'!H4)),IF(ISNA(Sheet1!H4),TRUE,FALSE),FALSE),"StuNAMsg",IF(AND(ISNA('#_Sheet1'!H4),ISNA(Sheet1!H4)),TRUE,FALSE),"PerfectMsg",IF(NOT(ISERROR('#_Sheet1'!H4)),IF(ISERROR(Sheet1!H4),TRUE,FALSE),FALSE),"StuErrorMsg",IF(TYPE('#_Sheet1'!H4)<>TYPE(Sheet1!H4),TRUE,FALSE),"WrongTypeMsg",IF(ISNUMBER('#_Sheet1'!H4),IF(ABS('#_Sheet1'!H4-Sheet1!H4)>0.00001,TRUE,FALSE),IF('#_Sheet1'!H4<>Sheet1!H4,TRUE,FALSE)),IF(ISNUMBER('#_Sheet1'!H4),IF('#_Sheet1'!H4>Sheet1!H4,"TooLow","TooHigh"),"WrongAnswer"),NOT(_xlfn.ISFORMULA('#_Sheet1'!H4)),IF(_xlfn.IFS(ISTEXT('#_Sheet1'!H4),FALSE,ISLOGICAL('#_Sheet1'!H4),FALSE,SUBSTITUTE(CELL("format",'#_Sheet1'!H4),"-","")=SUBSTITUTE(CELL("format",Sheet1!H4),"-",""),FALSE,CELL("format",'#_Sheet1'!H4)="G",FALSE,AND(CELL("format",'#_Sheet1'!H4)="F0",CELL("format",Sheet1!H4)="G"),FALSE,TRUE,IFERROR(IF(MATCH(CELL("format",'#_Sheet1'!H4),FormatCodesSFX!$A$4:$A$53,0)>0,TRUE),FALSE),TRUE,TRUE),"FormatMsg","PerfectMsg"),_xlfn.IFS(ISTEXT('#_Sheet1'!H4),FALSE,ISLOGICAL('#_Sheet1'!H4),FALSE,SUBSTITUTE(CELL("format",'#_Sheet1'!H4),"-","")=SUBSTITUTE(CELL("format",Sheet1!H4),"-",""),FALSE,CELL("format",'#_Sheet1'!H4)="G",FALSE,AND(CELL("format",'#_Sheet1'!H4)="F0",CELL("format",Sheet1!H4)="G"),FALSE,TRUE,IFERROR(IF(MATCH(CELL("format",'#_Sheet1'!H4),FormatCodesSFX!$A$4:$A$53,0)>0,TRUE),FALSE),TRUE,TRUE),"FormatMsg",TRUE,"PerfectMsg")
A5: =_xlfn.IFS(ISBLANK(Sheet1!A5),"",IF(NOT(ISNA('#_Sheet1'!A5)),IF(ISNA(Sheet1!A5),TRUE,FALSE),FALSE),"StuNAMsg",IF(AND(ISNA('#_Sheet1'!A5),ISNA(Sheet1!A5)),TRUE,FALSE),"PerfectMsg",IF(NOT(ISERROR('#_Sheet1'!A5)),IF(ISERROR(Sheet1!A5),TRUE,FALSE),FALSE),"StuErrorMsg",IF(TYPE('#_Sheet1'!A5)<>TYPE(Sheet1!A5),TRUE,FALSE),"WrongTypeMsg",IF(ISNUMBER('#_Sheet1'!A5),IF(ABS('#_Sheet1'!A5-Sheet1!A5)>0.00001,TRUE,FALSE),IF('#_Sheet1'!A5<>Sheet1!A5,TRUE,FALSE)),IF(ISNUMBER('#_Sheet1'!A5),IF('#_Sheet1'!A5>Sheet1!A5,"TooLow","TooHigh"),"WrongAnswer"),NOT(_xlfn.ISFORMULA('#_Sheet1'!A5)),IF(_xlfn.IFS(ISTEXT('#_Sheet1'!A5),FALSE,ISLOGICAL('#_Sheet1'!A5),FALSE,SUBSTITUTE(CELL("format",'#_Sheet1'!A5),"-","")=SUBSTITUTE(CELL("format",Sheet1!A5),"-",""),FALSE,CELL("format",'#_Sheet1'!A5)="G",FALSE,AND(CELL("format",'#_Sheet1'!A5)="F0",CELL("format",Sheet1!A5)="G"),FALSE,TRUE,IFERROR(IF(MATCH(CELL("format",'#_Sheet1'!A5),FormatCodesSFX!$A$4:$A$53,0)>0,TRUE),FALSE),TRUE,TRUE),"FormatMsg","PerfectMsg"),_xlfn.IFS(ISTEXT('#_Sheet1'!A5),FALSE,ISLOGICAL('#_Sheet1'!A5),FALSE,SUBSTITUTE(CELL("format",'#_Sheet1'!A5),"-","")=SUBSTITUTE(CELL("format",Sheet1!A5),"-",""),FALSE,CELL("format",'#_Sheet1'!A5)="G",FALSE,AND(CELL("format",'#_Sheet1'!A5)="F0",CELL("format",Sheet1!A5)="G"),FALSE,TRUE,IFERROR(IF(MATCH(CELL("format",'#_Sheet1'!A5),FormatCodesSFX!$A$4:$A$53,0)>0,TRUE),FALSE),TRUE,TRUE),"FormatMsg",TRUE,"PerfectMsg") | B5: =_xlfn.IFS(ISBLANK(Sheet1!B5),"",IF(NOT(ISNA('#_Sheet1'!B5)),IF(ISNA(Sheet1!B5),TRUE,FALSE),FALSE),"StuNAMsg",IF(AND(ISNA('#_Sheet1'!B5),ISNA(Sheet1!B5)),TRUE,FALSE),"PerfectMsg",IF(NOT(ISERROR('#_Sheet1'!B5)),IF(ISERROR(Sheet1!B5),TRUE,FALSE),FALSE),"StuErrorMsg",IF(TYPE('#_Sheet1'!B5)<>TYPE(Sheet1!B5),TRUE,FALSE),"WrongTypeMsg",IF(ISNUMBER('#_Sheet1'!B5),IF(ABS('#_Sheet1'!B5-Sheet1!B5)>0.00001,TRUE,FALSE),IF('#_Sheet1'!B5<>Sheet1!B5,TRUE,FALSE)),IF(ISNUMBER('#_Sheet1'!B5),IF('#_Sheet1'!B5>Sheet1!B5,"TooLow","TooHigh"),"WrongAnswer"),NOT(_xlfn.ISFORMULA('#_Sheet1'!B5)),IF(_xlfn.IFS(ISTEXT('#_Sheet1'!B5),FALSE,ISLOGICAL('#_Sheet1'!B5),FALSE,SUBSTITUTE(CELL("format",'#_Sheet1'!B5),"-","")=SUBSTITUTE(CELL("format",Sheet1!B5),"-",""),FALSE,CELL("format",'#_Sheet1'!B5)="G",FALSE,AND(CELL("format",'#_Sheet1'!B5)="F0",CELL("format",Sheet1!B5)="G"),FALSE,TRUE,IFERROR(IF(MATCH(CELL("format",'#_Sheet1'!B5),FormatCodesSFX!$A$4:$A$53,0)>0,TRUE),FALSE),TRUE,TRUE),"FormatMsg","PerfectMsg"),_xlfn.IFS(ISTEXT('#_Sheet1'!B5),FALSE,ISLOGICAL('#_Sheet1'!B5),FALSE,SUBSTITUTE(CELL("format",'#_Sheet1'!B5),"-","")=SUBSTITUTE(CELL("format",Sheet1!B5),"-",""),FALSE,CELL("format",'#_Sheet1'!B5)="G",FALSE,AND(CELL("format",'#_Sheet1'!B5)="F0",CELL("format",Sheet1!B5)="G"),FALSE,TRUE,IFERROR(IF(MATCH(CELL("format",'#_Sheet1'!B5),FormatCodesSFX!$A$4:$A$53,0)>0,TRUE),FALSE),TRUE,TRUE),"FormatMsg",TRUE,"PerfectMsg") | C5: =_xlfn.IFS(ISBLANK(Sheet1!C5),"",IF(NOT(ISNA('#_Sheet1'!C5)),IF(ISNA(Sheet1!C5),TRUE,FALSE),FALSE),"StuNAMsg",IF(AND(ISNA('#_Sheet1'!C5),ISNA(Sheet1!C5)),TRUE,FALSE),"PerfectMsg",IF(NOT(ISERROR('#_Sheet1'!C5)),IF(ISERROR(Sheet1!C5),TRUE,FALSE),FALSE),"StuErrorMsg",IF(TYPE('#_Sheet1'!C5)<>TYPE(Sheet1!C5),TRUE,FALSE),"WrongTypeMsg",IF(ISNUMBER('#_Sheet1'!C5),IF(ABS('#_Sheet1'!C5-Sheet1!C5)>0.00001,TRUE,FALSE),IF('#_Sheet1'!C5<>Sheet1!C5,TRUE,FALSE)),IF(ISNUMBER('#_Sheet1'!C5),IF('#_Sheet1'!C5>Sheet1!C5,"TooLow","TooHigh"),"WrongAnswer"),NOT(_xlfn.ISFORMULA('#_Sheet1'!C5)),IF(_xlfn.IFS(ISTEXT('#_Sheet1'!C5),FALSE,ISLOGICAL('#_Sheet1'!C5),FALSE,SUBSTITUTE(CELL("format",'#_Sheet1'!C5),"-","")=SUBSTITUTE(CELL("format",Sheet1!C5),"-",""),FALSE,CELL("format",'#_Sheet1'!C5)="G",FALSE,AND(CELL("format",'#_Sheet1'!C5)="F0",CELL("format",Sheet1!C5)="G"),FALSE,TRUE,IFERROR(IF(MATCH(CELL("format",'#_Sheet1'!C5),FormatCodesSFX!$A$4:$A$53,0)>0,TRUE),FALSE),TRUE,TRUE),"FormatMsg","PerfectMsg"),_xlfn.IFS(ISTEXT('#_Sheet1'!C5),FALSE,ISLOGICAL('#_Sheet1'!C5),FALSE,SUBSTITUTE(CELL("format",'#_Sheet1'!C5),"-","")=SUBSTITUTE(CELL("format",Sheet1!C5),"-",""),FALSE,CELL("format",'#_Sheet1'!C5)="G",FALSE,AND(CELL("format",'#_Sheet1'!C5)="F0",CELL("format",Sheet1!C5)="G"),FALSE,TRUE,IFERROR(IF(MATCH(CELL("format",'#_Sheet1'!C5),FormatCodesSFX!$A$4:$A$53,0)>0,TRUE),FALSE),TRUE,TRUE),"FormatMsg",TRUE,"PerfectMsg") | D5: =_xlfn.IFS(ISBLANK(Sheet1!D5),"",IF(NOT(ISNA('#_Sheet1'!D5)),IF(ISNA(Sheet1!D5),TRUE,FALSE),FALSE),"StuNAMsg",IF(AND(ISNA('#_Sheet1'!D5),ISNA(Sheet1!D5)),TRUE,FALSE),"PerfectMsg",IF(NOT(ISERROR('#_Sheet1'!D5)),IF(ISERROR(Sheet1!D5),TRUE,FALSE),FALSE),"StuErrorMsg",IF(TYPE('#_Sheet1'!D5)<>TYPE(Sheet1!D5),TRUE,FALSE),"WrongTypeMsg",IF(ISNUMBER('#_Sheet1'!D5),IF(ABS('#_Sheet1'!D5-Sheet1!D5)>0.00001,TRUE,FALSE),IF('#_Sheet1'!D5<>Sheet1!D5,TRUE,FALSE)),IF(ISNUMBER('#_Sheet1'!D5),IF('#_Sheet1'!D5>Sheet1!D5,"TooLow","TooHigh"),"WrongAnswer"),NOT(_xlfn.ISFORMULA('#_Sheet1'!D5)),IF(_xlfn.IFS(ISTEXT('#_Sheet1'!D5),FALSE,ISLOGICAL('#_Sheet1'!D5),FALSE,SUBSTITUTE(CELL("format",'#_Sheet1'!D5),"-","")=SUBSTITUTE(CELL("format",Sheet1!D5),"-",""),FALSE,CELL("format",'#_Sheet1'!D5)="G",FALSE,AND(CELL("format",'#_Sheet1'!D5)="F0",CELL("format",Sheet1!D5)="G"),FALSE,TRUE,IFERROR(IF(MATCH(CELL("format",'#_Sheet1'!D5),FormatCodesSFX!$A$4:$A$53,0)>0,TRUE),FALSE),TRUE,TRUE),"FormatMsg","PerfectMsg"),_xlfn.IFS(ISTEXT('#_Sheet1'!D5),FALSE,ISLOGICAL('#_Sheet1'!D5),FALSE,SUBSTITUTE(CELL("format",'#_Sheet1'!D5),"-","")=SUBSTITUTE(CELL("format",Sheet1!D5),"-",""),FALSE,CELL("format",'#_Sheet1'!D5)="G",FALSE,AND(CELL("format",'#_Sheet1'!D5)="F0",CELL("format",Sheet1!D5)="G"),FALSE,TRUE,IFERROR(IF(MATCH(CELL("format",'#_Sheet1'!D5),FormatCodesSFX!$A$4:$A$53,0)>0,TRUE),FALSE),TRUE,TRUE),"FormatMsg",TRUE,"PerfectMsg") | E5: =_xlfn.IFS(ISBLANK(Sheet1!E5),"",IF(NOT(ISNA('#_Sheet1'!E5)),IF(ISNA(Sheet1!E5),TRUE,FALSE),FALSE),"StuNAMsg",IF(AND(ISNA('#_Sheet1'!E5),ISNA(Sheet1!E5)),TRUE,FALSE),"PerfectMsg",IF(NOT(ISERROR('#_Sheet1'!E5)),IF(ISERROR(Sheet1!E5),TRUE,FALSE),FALSE),"StuErrorMsg",IF(TYPE('#_Sheet1'!E5)<>TYPE(Sheet1!E5),TRUE,FALSE),"WrongTypeMsg",IF(ISNUMBER('#_Sheet1'!E5),IF(ABS('#_Sheet1'!E5-Sheet1!E5)>0.00001,TRUE,FALSE),IF('#_Sheet1'!E5<>Sheet1!E5,TRUE,FALSE)),IF(ISNUMBER('#_Sheet1'!E5),IF('#_Sheet1'!E5>Sheet1!E5,"TooLow","TooHigh"),"WrongAnswer"),NOT(_xlfn.ISFORMULA('#_Sheet1'!E5)),IF(_xlfn.IFS(ISTEXT('#_Sheet1'!E5),FALSE,ISLOGICAL('#_Sheet1'!E5),FALSE,SUBSTITUTE(CELL("format",'#_Sheet1'!E5),"-","")=SUBSTITUTE(CELL("format",Sheet1!E5),"-",""),FALSE,CELL("format",'#_Sheet1'!E5)="G",FALSE,AND(CELL("format",'#_Sheet1'!E5)="F0",CELL("format",Sheet1!E5)="G"),FALSE,TRUE,IFERROR(IF(MATCH(CELL("format",'#_Sheet1'!E5),FormatCodesSFX!$A$4:$A$53,0)>0,TRUE),FALSE),TRUE,TRUE),"FormatMsg","PerfectMsg"),_xlfn.IFS(ISTEXT('#_Sheet1'!E5),FALSE,ISLOGICAL('#_Sheet1'!E5),FALSE,SUBSTITUTE(CELL("format",'#_Sheet1'!E5),"-","")=SUBSTITUTE(CELL("format",Sheet1!E5),"-",""),FALSE,CELL("format",'#_Sheet1'!E5)="G",FALSE,AND(CELL("format",'#_Sheet1'!E5)="F0",CELL("format",Sheet1!E5)="G"),FALSE,TRUE,IFERROR(IF(MATCH(CELL("format",'#_Sheet1'!E5),FormatCodesSFX!$A$4:$A$53,0)>0,TRUE),FALSE),TRUE,TRUE),"FormatMsg",TRUE,"PerfectMsg") | F5: =_xlfn.IFS(ISBLANK(Sheet1!F5),"",IF(NOT(ISNA('#_Sheet1'!F5)),IF(ISNA(Sheet1!F5),TRUE,FALSE),FALSE),"StuNAMsg",IF(AND(ISNA('#_Sheet1'!F5),ISNA(Sheet1!F5)),TRUE,FALSE),"PerfectMsg",IF(NOT(ISERROR('#_Sheet1'!F5)),IF(ISERROR(Sheet1!F5),TRUE,FALSE),FALSE),"StuErrorMsg",IF(TYPE('#_Sheet1'!F5)<>TYPE(Sheet1!F5),TRUE,FALSE),"WrongTypeMsg",IF(ISNUMBER('#_Sheet1'!F5),IF(ABS('#_Sheet1'!F5-Sheet1!F5)>0.00001,TRUE,FALSE),IF('#_Sheet1'!F5<>Sheet1!F5,TRUE,FALSE)),IF(ISNUMBER('#_Sheet1'!F5),IF('#_Sheet1'!F5>Sheet1!F5,"TooLow","TooHigh"),"WrongAnswer"),NOT(_xlfn.ISFORMULA('#_Sheet1'!F5)),IF(_xlfn.IFS(ISTEXT('#_Sheet1'!F5),FALSE,ISLOGICAL('#_Sheet1'!F5),FALSE,SUBSTITUTE(CELL("format",'#_Sheet1'!F5),"-","")=SUBSTITUTE(CELL("format",Sheet1!F5),"-",""),FALSE,CELL("format",'#_Sheet1'!F5)="G",FALSE,AND(CELL("format",'#_Sheet1'!F5)="F0",CELL("format",Sheet1!F5)="G"),FALSE,TRUE,IFERROR(IF(MATCH(CELL("format",'#_Sheet1'!F5),FormatCodesSFX!$A$4:$A$53,0)>0,TRUE),FALSE),TRUE,TRUE),"FormatMsg","PerfectMsg"),_xlfn.IFS(ISTEXT('#_Sheet1'!F5),FALSE,ISLOGICAL('#_Sheet1'!F5),FALSE,SUBSTITUTE(CELL("format",'#_Sheet1'!F5),"-","")=SUBSTITUTE(CELL("format",Sheet1!F5),"-",""),FALSE,CELL("format",'#_Sheet1'!F5)="G",FALSE,AND(CELL("format",'#_Sheet1'!F5)="F0",CELL("format",Sheet1!F5)="G"),FALSE,TRUE,IFERROR(IF(MATCH(CELL("format",'#_Sheet1'!F5),FormatCodesSFX!$A$4:$A$53,0)>0,TRUE),FALSE),TRUE,TRUE),"FormatMsg",TRUE,"PerfectMsg") | G5: =_xlfn.IFS(ISBLANK(Sheet1!G5),"",IF(NOT(ISNA('#_Sheet1'!G5)),IF(ISNA(Sheet1!G5),TRUE,FALSE),FALSE),"StuNAMsg",IF(AND(ISNA('#_Sheet1'!G5),ISNA(Sheet1!G5)),TRUE,FALSE),"PerfectMsg",IF(NOT(ISERROR('#_Sheet1'!G5)),IF(ISERROR(Sheet1!G5),TRUE,FALSE),FALSE),"StuErrorMsg",IF(TYPE('#_Sheet1'!G5)<>TYPE(Sheet1!G5),TRUE,FALSE),"WrongTypeMsg",IF(ISNUMBER('#_Sheet1'!G5),IF(ABS('#_Sheet1'!G5-Sheet1!G5)>0.00001,TRUE,FALSE),IF('#_Sheet1'!G5<>Sheet1!G5,TRUE,FALSE)),IF(ISNUMBER('#_Sheet1'!G5),IF('#_Sheet1'!G5>Sheet1!G5,"TooLow","TooHigh"),"WrongAnswer"),NOT(_xlfn.ISFORMULA('#_Sheet1'!G5)),IF(_xlfn.IFS(ISTEXT('#_Sheet1'!G5),FALSE,ISLOGICAL('#_Sheet1'!G5),FALSE,SUBSTITUTE(CELL("format",'#_Sheet1'!G5),"-","")=SUBSTITUTE(CELL("format",Sheet1!G5),"-",""),FALSE,CELL("format",'#_Sheet1'!G5)="G",FALSE,AND(CELL("format",'#_Sheet1'!G5)="F0",CELL("format",Sheet1!G5)="G"),FALSE,TRUE,IFERROR(IF(MATCH(CELL("format",'#_Sheet1'!G5),FormatCodesSFX!$A$4:$A$53,0)>0,TRUE),FALSE),TRUE,TRUE),"FormatMsg","PerfectMsg"),_xlfn.IFS(ISTEXT('#_Sheet1'!G5),FALSE,ISLOGICAL('#_Sheet1'!G5),FALSE,SUBSTITUTE(CELL("format",'#_Sheet1'!G5),"-","")=SUBSTITUTE(CELL("format",Sheet1!G5),"-",""),FALSE,CELL("format",'#_Sheet1'!G5)="G",FALSE,AND(CELL("format",'#_Sheet1'!G5)="F0",CELL("format",Sheet1!G5)="G"),FALSE,TRUE,IFERROR(IF(MATCH(CELL("format",'#_Sheet1'!G5),FormatCodesSFX!$A$4:$A$53,0)>0,TRUE),FALSE),TRUE,TRUE),"FormatMsg",TRUE,"PerfectMsg") | H5: =_xlfn.IFS(ISBLANK(Sheet1!H5),"",IF(NOT(ISNA('#_Sheet1'!H5)),IF(ISNA(Sheet1!H5),TRUE,FALSE),FALSE),"StuNAMsg",IF(AND(ISNA('#_Sheet1'!H5),ISNA(Sheet1!H5)),TRUE,FALSE),"PerfectMsg",IF(NOT(ISERROR('#_Sheet1'!H5)),IF(ISERROR(Sheet1!H5),TRUE,FALSE),FALSE),"StuErrorMsg",IF(TYPE('#_Sheet1'!H5)<>TYPE(Sheet1!H5),TRUE,FALSE),"WrongTypeMsg",IF(ISNUMBER('#_Sheet1'!H5),IF(ABS('#_Sheet1'!H5-Sheet1!H5)>0.00001,TRUE,FALSE),IF('#_Sheet1'!H5<>Sheet1!H5,TRUE,FALSE)),IF(ISNUMBER('#_Sheet1'!H5),IF('#_Sheet1'!H5>Sheet1!H5,"TooLow","TooHigh"),"WrongAnswer"),NOT(_xlfn.ISFORMULA('#_Sheet1'!H5)),IF(_xlfn.IFS(ISTEXT('#_Sheet1'!H5),FALSE,ISLOGICAL('#_Sheet1'!H5),FALSE,SUBSTITUTE(CELL("format",'#_Sheet1'!H5),"-","")=SUBSTITUTE(CELL("format",Sheet1!H5),"-",""),FALSE,CELL("format",'#_Sheet1'!H5)="G",FALSE,AND(CELL("format",'#_Sheet1'!H5)="F0",CELL("format",Sheet1!H5)="G"),FALSE,TRUE,IFERROR(IF(MATCH(CELL("format",'#_Sheet1'!H5),FormatCodesSFX!$A$4:$A$53,0)>0,TRUE),FALSE),TRUE,TRUE),"FormatMsg","PerfectMsg"),_xlfn.IFS(ISTEXT('#_Sheet1'!H5),FALSE,ISLOGICAL('#_Sheet1'!H5),FALSE,SUBSTITUTE(CELL("format",'#_Sheet1'!H5),"-","")=SUBSTITUTE(CELL("format",Sheet1!H5),"-",""),FALSE,CELL("format",'#_Sheet1'!H5)="G",FALSE,AND(CELL("format",'#_Sheet1'!H5)="F0",CELL("format",Sheet1!H5)="G"),FALSE,TRUE,IFERROR(IF(MATCH(CELL("format",'#_Sheet1'!H5),FormatCodesSFX!$A$4:$A$53,0)>0,TRUE),FALSE),TRUE,TRUE),"FormatMsg",TRUE,"PerfectMsg")
A6: =_xlfn.IFS(ISBLANK(Sheet1!A6),"",IF(NOT(ISNA('#_Sheet1'!A6)),IF(ISNA(Sheet1!A6),TRUE,FALSE),FALSE),"StuNAMsg",IF(AND(ISNA('#_Sheet1'!A6),ISNA(Sheet1!A6)),TRUE,FALSE),"PerfectMsg",IF(NOT(ISERROR('#_Sheet1'!A6)),IF(ISERROR(Sheet1!A6),TRUE,FALSE),FALSE),"StuErrorMsg",IF(TYPE('#_Sheet1'!A6)<>TYPE(Sheet1!A6),TRUE,FALSE),"WrongTypeMsg",IF(ISNUMBER('#_Sheet1'!A6),IF(ABS('#_Sheet1'!A6-Sheet1!A6)>0.00001,TRUE,FALSE),IF('#_Sheet1'!A6<>Sheet1!A6,TRUE,FALSE)),IF(ISNUMBER('#_Sheet1'!A6),IF('#_Sheet1'!A6>Sheet1!A6,"TooLow","TooHigh"),"WrongAnswer"),NOT(_xlfn.ISFORMULA('#_Sheet1'!A6)),IF(_xlfn.IFS(ISTEXT('#_Sheet1'!A6),FALSE,ISLOGICAL('#_Sheet1'!A6),FALSE,SUBSTITUTE(CELL("format",'#_Sheet1'!A6),"-","")=SUBSTITUTE(CELL("format",Sheet1!A6),"-",""),FALSE,CELL("format",'#_Sheet1'!A6)="G",FALSE,AND(CELL("format",'#_Sheet1'!A6)="F0",CELL("format",Sheet1!A6)="G"),FALSE,TRUE,IFERROR(IF(MATCH(CELL("format",'#_Sheet1'!A6),FormatCodesSFX!$A$4:$A$53,0)>0,TRUE),FALSE),TRUE,TRUE),"FormatMsg","PerfectMsg"),_xlfn.IFS(ISTEXT('#_Sheet1'!A6),FALSE,ISLOGICAL('#_Sheet1'!A6),FALSE,SUBSTITUTE(CELL("format",'#_Sheet1'!A6),"-","")=SUBSTITUTE(CELL("format",Sheet1!A6),"-",""),FALSE,CELL("format",'#_Sheet1'!A6)="G",FALSE,AND(CELL("format",'#_Sheet1'!A6)="F0",CELL("format",Sheet1!A6)="G"),FALSE,TRUE,IFERROR(IF(MATCH(CELL("format",'#_Sheet1'!A6),FormatCodesSFX!$A$4:$A$53,0)>0,TRUE),FALSE),TRUE,TRUE),"FormatMsg",TRUE,"PerfectMsg") | B6: =_xlfn.IFS(ISBLANK(Sheet1!B6),"",IF(NOT(ISNA('#_Sheet1'!B6)),IF(ISNA(Sheet1!B6),TRUE,FALSE),FALSE),"StuNAMsg",IF(AND(ISNA('#_Sheet1'!B6),ISNA(Sheet1!B6)),TRUE,FALSE),"PerfectMsg",IF(NOT(ISERROR('#_Sheet1'!B6)),IF(ISERROR(Sheet1!B6),TRUE,FALSE),FALSE),"StuErrorMsg",IF(TYPE('#_Sheet1'!B6)<>TYPE(Sheet1!B6),TRUE,FALSE),"WrongTypeMsg",IF(ISNUMBER('#_Sheet1'!B6),IF(ABS('#_Sheet1'!B6-Sheet1!B6)>0.00001,TRUE,FALSE),IF('#_Sheet1'!B6<>Sheet1!B6,TRUE,FALSE)),IF(ISNUMBER('#_Sheet1'!B6),IF('#_Sheet1'!B6>Sheet1!B6,"TooLow","TooHigh"),"WrongAnswer"),NOT(_xlfn.ISFORMULA('#_Sheet1'!B6)),IF(_xlfn.IFS(ISTEXT('#_Sheet1'!B6),FALSE,ISLOGICAL('#_Sheet1'!B6),FALSE,SUBSTITUTE(CELL("format",'#_Sheet1'!B6),"-","")=SUBSTITUTE(CELL("format",Sheet1!B6),"-",""),FALSE,CELL("format",'#_Sheet1'!B6)="G",FALSE,AND(CELL("format",'#_Sheet1'!B6)="F0",CELL("format",Sheet1!B6)="G"),FALSE,TRUE,IFERROR(IF(MATCH(CELL("format",'#_Sheet1'!B6),FormatCodesSFX!$A$4:$A$53,0)>0,TRUE),FALSE),TRUE,TRUE),"FormatMsg","PerfectMsg"),_xlfn.IFS(ISTEXT('#_Sheet1'!B6),FALSE,ISLOGICAL('#_Sheet1'!B6),FALSE,SUBSTITUTE(CELL("format",'#_Sheet1'!B6),"-","")=SUBSTITUTE(CELL("format",Sheet1!B6),"-",""),FALSE,CELL("format",'#_Sheet1'!B6)="G",FALSE,AND(CELL("format",'#_Sheet1'!B6)="F0",CELL("format",Sheet1!B6)="G"),FALSE,TRUE,IFERROR(IF(MATCH(CELL("format",'#_Sheet1'!B6),FormatCodesSFX!$A$4:$A$53,0)>0,TRUE),FALSE),TRUE,TRUE),"FormatMsg",TRUE,"PerfectMsg") | C6: =_xlfn.IFS(ISBLANK(Sheet1!C6),"",IF(NOT(ISNA('#_Sheet1'!C6)),IF(ISNA(Sheet1!C6),TRUE,FALSE),FALSE),"StuNAMsg",IF(AND(ISNA('#_Sheet1'!C6),ISNA(Sheet1!C6)),TRUE,FALSE),"PerfectMsg",IF(NOT(ISERROR('#_Sheet1'!C6)),IF(ISERROR(Sheet1!C6),TRUE,FALSE),FALSE),"StuErrorMsg",IF(TYPE('#_Sheet1'!C6)<>TYPE(Sheet1!C6),TRUE,FALSE),"WrongTypeMsg",IF(ISNUMBER('#_Sheet1'!C6),IF(ABS('#_Sheet1'!C6-Sheet1!C6)>0.00001,TRUE,FALSE),IF('#_Sheet1'!C6<>Sheet1!C6,TRUE,FALSE)),IF(ISNUMBER('#_Sheet1'!C6),IF('#_Sheet1'!C6>Sheet1!C6,"TooLow","TooHigh"),"WrongAnswer"),NOT(_xlfn.ISFORMULA('#_Sheet1'!C6)),IF(_xlfn.IFS(ISTEXT('#_Sheet1'!C6),FALSE,ISLOGICAL('#_Sheet1'!C6),FALSE,SUBSTITUTE(CELL("format",'#_Sheet1'!C6),"-","")=SUBSTITUTE(CELL("format",Sheet1!C6),"-",""),FALSE,CELL("format",'#_Sheet1'!C6)="G",FALSE,AND(CELL("format",'#_Sheet1'!C6)="F0",CELL("format",Sheet1!C6)="G"),FALSE,TRUE,IFERROR(IF(MATCH(CELL("format",'#_Sheet1'!C6),FormatCodesSFX!$A$4:$A$53,0)>0,TRUE),FALSE),TRUE,TRUE),"FormatMsg","PerfectMsg"),_xlfn.IFS(ISTEXT('#_Sheet1'!C6),FALSE,ISLOGICAL('#_Sheet1'!C6),FALSE,SUBSTITUTE(CELL("format",'#_Sheet1'!C6),"-","")=SUBSTITUTE(CELL("format",Sheet1!C6),"-",""),FALSE,CELL("format",'#_Sheet1'!C6)="G",FALSE,AND(CELL("format",'#_Sheet1'!C6)="F0",CELL("format",Sheet1!C6)="G"),FALSE,TRUE,IFERROR(IF(MATCH(CELL("format",'#_Sheet1'!C6),FormatCodesSFX!$A$4:$A$53,0)>0,TRUE),FALSE),TRUE,TRUE),"FormatMsg",TRUE,"PerfectMsg") | D6: =_xlfn.IFS(ISBLANK(Sheet1!D6),"",IF(NOT(ISNA('#_Sheet1'!D6)),IF(ISNA(Sheet1!D6),TRUE,FALSE),FALSE),"StuNAMsg",IF(AND(ISNA('#_Sheet1'!D6),ISNA(Sheet1!D6)),TRUE,FALSE),"PerfectMsg",IF(NOT(ISERROR('#_Sheet1'!D6)),IF(ISERROR(Sheet1!D6),TRUE,FALSE),FALSE),"StuErrorMsg",IF(TYPE('#_Sheet1'!D6)<>TYPE(Sheet1!D6),TRUE,FALSE),"WrongTypeMsg",IF(ISNUMBER('#_Sheet1'!D6),IF(ABS('#_Sheet1'!D6-Sheet1!D6)>0.00001,TRUE,FALSE),IF('#_Sheet1'!D6<>Sheet1!D6,TRUE,FALSE)),IF(ISNUMBER('#_Sheet1'!D6),IF('#_Sheet1'!D6>Sheet1!D6,"TooLow","TooHigh"),"WrongAnswer"),NOT(_xlfn.ISFORMULA('#_Sheet1'!D6)),IF(_xlfn.IFS(ISTEXT('#_Sheet1'!D6),FALSE,ISLOGICAL('#_Sheet1'!D6),FALSE,SUBSTITUTE(CELL("format",'#_Sheet1'!D6),"-","")=SUBSTITUTE(CELL("format",Sheet1!D6),"-",""),FALSE,CELL("format",'#_Sheet1'!D6)="G",FALSE,AND(CELL("format",'#_Sheet1'!D6)="F0",CELL("format",Sheet1!D6)="G"),FALSE,TRUE,IFERROR(IF(MATCH(CELL("format",'#_Sheet1'!D6),FormatCodesSFX!$A$4:$A$53,0)>0,TRUE),FALSE),TRUE,TRUE),"FormatMsg","PerfectMsg"),_xlfn.IFS(ISTEXT('#_Sheet1'!D6),FALSE,ISLOGICAL('#_Sheet1'!D6),FALSE,SUBSTITUTE(CELL("format",'#_Sheet1'!D6),"-","")=SUBSTITUTE(CELL("format",Sheet1!D6),"-",""),FALSE,CELL("format",'#_Sheet1'!D6)="G",FALSE,AND(CELL("format",'#_Sheet1'!D6)="F0",CELL("format",Sheet1!D6)="G"),FALSE,TRUE,IFERROR(IF(MATCH(CELL("format",'#_Sheet1'!D6),FormatCodesSFX!$A$4:$A$53,0)>0,TRUE),FALSE),TRUE,TRUE),"FormatMsg",TRUE,"PerfectMsg") | E6: =_xlfn.IFS(ISBLANK(Sheet1!E6),"",IF(NOT(ISNA('#_Sheet1'!E6)),IF(ISNA(Sheet1!E6),TRUE,FALSE),FALSE),"StuNAMsg",IF(AND(ISNA('#_Sheet1'!E6),ISNA(Sheet1!E6)),TRUE,FALSE),"PerfectMsg",IF(NOT(ISERROR('#_Sheet1'!E6)),IF(ISERROR(Sheet1!E6),TRUE,FALSE),FALSE),"StuErrorMsg",IF(TYPE('#_Sheet1'!E6)<>TYPE(Sheet1!E6),TRUE,FALSE),"WrongTypeMsg",IF(ISNUMBER('#_Sheet1'!E6),IF(ABS('#_Sheet1'!E6-Sheet1!E6)>0.00001,TRUE,FALSE),IF('#_Sheet1'!E6<>Sheet1!E6,TRUE,FALSE)),IF(ISNUMBER('#_Sheet1'!E6),IF('#_Sheet1'!E6>Sheet1!E6,"TooLow","TooHigh"),"WrongAnswer"),NOT(_xlfn.ISFORMULA('#_Sheet1'!E6)),IF(_xlfn.IFS(ISTEXT('#_Sheet1'!E6),FALSE,ISLOGICAL('#_Sheet1'!E6),FALSE,SUBSTITUTE(CELL("format",'#_Sheet1'!E6),"-","")=SUBSTITUTE(CELL("format",Sheet1!E6),"-",""),FALSE,CELL("format",'#_Sheet1'!E6)="G",FALSE,AND(CELL("format",'#_Sheet1'!E6)="F0",CELL("format",Sheet1!E6)="G"),FALSE,TRUE,IFERROR(IF(MATCH(CELL("format",'#_Sheet1'!E6),FormatCodesSFX!$A$4:$A$53,0)>0,TRUE),FALSE),TRUE,TRUE),"FormatMsg","PerfectMsg"),_xlfn.IFS(ISTEXT('#_Sheet1'!E6),FALSE,ISLOGICAL('#_Sheet1'!E6),FALSE,SUBSTITUTE(CELL("format",'#_Sheet1'!E6),"-","")=SUBSTITUTE(CELL("format",Sheet1!E6),"-",""),FALSE,CELL("format",'#_Sheet1'!E6)="G",FALSE,AND(CELL("format",'#_Sheet1'!E6)="F0",CELL("format",Sheet1!E6)="G"),FALSE,TRUE,IFERROR(IF(MATCH(CELL("format",'#_Sheet1'!E6),FormatCodesSFX!$A$4:$A$53,0)>0,TRUE),FALSE),TRUE,TRUE),"FormatMsg",TRUE,"PerfectMsg") | F6: =_xlfn.IFS(ISBLANK(Sheet1!F6),"",IF(NOT(ISNA('#_Sheet1'!F6)),IF(ISNA(Sheet1!F6),TRUE,FALSE),FALSE),"StuNAMsg",IF(AND(ISNA('#_Sheet1'!F6),ISNA(Sheet1!F6)),TRUE,FALSE),"PerfectMsg",IF(NOT(ISERROR('#_Sheet1'!F6)),IF(ISERROR(Sheet1!F6),TRUE,FALSE),FALSE),"StuErrorMsg",IF(TYPE('#_Sheet1'!F6)<>TYPE(Sheet1!F6),TRUE,FALSE),"WrongTypeMsg",IF(ISNUMBER('#_Sheet1'!F6),IF(ABS('#_Sheet1'!F6-Sheet1!F6)>0.00001,TRUE,FALSE),IF('#_Sheet1'!F6<>Sheet1!F6,TRUE,FALSE)),IF(ISNUMBER('#_Sheet1'!F6),IF('#_Sheet1'!F6>Sheet1!F6,"TooLow","TooHigh"),"WrongAnswer"),NOT(_xlfn.ISFORMULA('#_Sheet1'!F6)),IF(_xlfn.IFS(ISTEXT('#_Sheet1'!F6),FALSE,ISLOGICAL('#_Sheet1'!F6),FALSE,SUBSTITUTE(CELL("format",'#_Sheet1'!F6),"-","")=SUBSTITUTE(CELL("format",Sheet1!F6),"-",""),FALSE,CELL("format",'#_Sheet1'!F6)="G",FALSE,AND(CELL("format",'#_Sheet1'!F6)="F0",CELL("format",Sheet1!F6)="G"),FALSE,TRUE,IFERROR(IF(MATCH(CELL("format",'#_Sheet1'!F6),FormatCodesSFX!$A$4:$A$53,0)>0,TRUE),FALSE),TRUE,TRUE),"FormatMsg","PerfectMsg"),_xlfn.IFS(ISTEXT('#_Sheet1'!F6),FALSE,ISLOGICAL('#_Sheet1'!F6),FALSE,SUBSTITUTE(CELL("format",'#_Sheet1'!F6),"-","")=SUBSTITUTE(CELL("format",Sheet1!F6),"-",""),FALSE,CELL("format",'#_Sheet1'!F6)="G",FALSE,AND(CELL("format",'#_Sheet1'!F6)="F0",CELL("format",Sheet1!F6)="G"),FALSE,TRUE,IFERROR(IF(MATCH(CELL("format",'#_Sheet1'!F6),FormatCodesSFX!$A$4:$A$53,0)>0,TRUE),FALSE),TRUE,TRUE),"FormatMsg",TRUE,"PerfectMsg") | G6: =_xlfn.IFS(ISBLANK(Sheet1!G6),"",IF(NOT(ISNA('#_Sheet1'!G6)),IF(ISNA(Sheet1!G6),TRUE,FALSE),FALSE),"StuNAMsg",IF(AND(ISNA('#_Sheet1'!G6),ISNA(Sheet1!G6)),TRUE,FALSE),"PerfectMsg",IF(NOT(ISERROR('#_Sheet1'!G6)),IF(ISERROR(Sheet1!G6),TRUE,FALSE),FALSE),"StuErrorMsg",IF(TYPE('#_Sheet1'!G6)<>TYPE(Sheet1!G6),TRUE,FALSE),"WrongTypeMsg",IF(ISNUMBER('#_Sheet1'!G6),IF(ABS('#_Sheet1'!G6-Sheet1!G6)>0.00001,TRUE,FALSE),IF('#_Sheet1'!G6<>Sheet1!G6,TRUE,FALSE)),IF(ISNUMBER('#_Sheet1'!G6),IF('#_Sheet1'!G6>Sheet1!G6,"TooLow","TooHigh"),"WrongAnswer"),NOT(_xlfn.ISFORMULA('#_Sheet1'!G6)),IF(_xlfn.IFS(ISTEXT('#_Sheet1'!G6),FALSE,ISLOGICAL('#_Sheet1'!G6),FALSE,SUBSTITUTE(CELL("format",'#_Sheet1'!G6),"-","")=SUBSTITUTE(CELL("format",Sheet1!G6),"-",""),FALSE,CELL("format",'#_Sheet1'!G6)="G",FALSE,AND(CELL("format",'#_Sheet1'!G6)="F0",CELL("format",Sheet1!G6)="G"),FALSE,TRUE,IFERROR(IF(MATCH(CELL("format",'#_Sheet1'!G6),FormatCodesSFX!$A$4:$A$53,0)>0,TRUE),FALSE),TRUE,TRUE),"FormatMsg","PerfectMsg"),_xlfn.IFS(ISTEXT('#_Sheet1'!G6),FALSE,ISLOGICAL('#_Sheet1'!G6),FALSE,SUBSTITUTE(CELL("format",'#_Sheet1'!G6),"-","")=SUBSTITUTE(CELL("format",Sheet1!G6),"-",""),FALSE,CELL("format",'#_Sheet1'!G6)="G",FALSE,AND(CELL("format",'#_Sheet1'!G6)="F0",CELL("format",Sheet1!G6)="G"),FALSE,TRUE,IFERROR(IF(MATCH(CELL("format",'#_Sheet1'!G6),FormatCodesSFX!$A$4:$A$53,0)>0,TRUE),FALSE),TRUE,TRUE),"FormatMsg",TRUE,"PerfectMsg") | H6: =_xlfn.IFS(ISBLANK(Sheet1!H6),"",IF(NOT(ISNA('#_Sheet1'!H6)),IF(ISNA(Sheet1!H6),TRUE,FALSE),FALSE),"StuNAMsg",IF(AND(ISNA('#_Sheet1'!H6),ISNA(Sheet1!H6)),TRUE,FALSE),"PerfectMsg",IF(NOT(ISERROR('#_Sheet1'!H6)),IF(ISERROR(Sheet1!H6),TRUE,FALSE),FALSE),"StuErrorMsg",IF(TYPE('#_Sheet1'!H6)<>TYPE(Sheet1!H6),TRUE,FALSE),"WrongTypeMsg",IF(ISNUMBER('#_Sheet1'!H6),IF(ABS('#_Sheet1'!H6-Sheet1!H6)>0.00001,TRUE,FALSE),IF('#_Sheet1'!H6<>Sheet1!H6,TRUE,FALSE)),IF(ISNUMBER('#_Sheet1'!H6),IF('#_Sheet1'!H6>Sheet1!H6,"TooLow","TooHigh"),"WrongAnswer"),NOT(_xlfn.ISFORMULA('#_Sheet1'!H6)),IF(_xlfn.IFS(ISTEXT('#_Sheet1'!H6),FALSE,ISLOGICAL('#_Sheet1'!H6),FALSE,SUBSTITUTE(CELL("format",'#_Sheet1'!H6),"-","")=SUBSTITUTE(CELL("format",Sheet1!H6),"-",""),FALSE,CELL("format",'#_Sheet1'!H6)="G",FALSE,AND(CELL("format",'#_Sheet1'!H6)="F0",CELL("format",Sheet1!H6)="G"),FALSE,TRUE,IFERROR(IF(MATCH(CELL("format",'#_Sheet1'!H6),FormatCodesSFX!$A$4:$A$53,0)>0,TRUE),FALSE),TRUE,TRUE),"FormatMsg","PerfectMsg"),_xlfn.IFS(ISTEXT('#_Sheet1'!H6),FALSE,ISLOGICAL('#_Sheet1'!H6),FALSE,SUBSTITUTE(CELL("format",'#_Sheet1'!H6),"-","")=SUBSTITUTE(CELL("format",Sheet1!H6),"-",""),FALSE,CELL("format",'#_Sheet1'!H6)="G",FALSE,AND(CELL("format",'#_Sheet1'!H6)="F0",CELL("format",Sheet1!H6)="G"),FALSE,TRUE,IFERROR(IF(MATCH(CELL("format",'#_Sheet1'!H6),FormatCodesSFX!$A$4:$A$53,0)>0,TRUE),FALSE),TRUE,TRUE),"FormatMsg",TRUE,"PerfectMsg")
A7: =_xlfn.IFS(ISBLANK(Sheet1!A7),"",IF(NOT(ISNA('#_Sheet1'!A7)),IF(ISNA(Sheet1!A7),TRUE,FALSE),FALSE),"StuNAMsg",IF(AND(ISNA('#_Sheet1'!A7),ISNA(Sheet1!A7)),TRUE,FALSE),"PerfectMsg",IF(NOT(ISERROR('#_Sheet1'!A7)),IF(ISERROR(Sheet1!A7),TRUE,FALSE),FALSE),"StuErrorMsg",IF(TYPE('#_Sheet1'!A7)<>TYPE(Sheet1!A7),TRUE,FALSE),"WrongTypeMsg",IF(ISNUMBER('#_Sheet1'!A7),IF(ABS('#_Sheet1'!A7-Sheet1!A7)>0.00001,TRUE,FALSE),IF('#_Sheet1'!A7<>Sheet1!A7,TRUE,FALSE)),IF(ISNUMBER('#_Sheet1'!A7),IF('#_Sheet1'!A7>Sheet1!A7,"TooLow","TooHigh"),"WrongAnswer"),NOT(_xlfn.ISFORMULA('#_Sheet1'!A7)),IF(_xlfn.IFS(ISTEXT('#_Sheet1'!A7),FALSE,ISLOGICAL('#_Sheet1'!A7),FALSE,SUBSTITUTE(CELL("format",'#_Sheet1'!A7),"-","")=SUBSTITUTE(CELL("format",Sheet1!A7),"-",""),FALSE,CELL("format",'#_Sheet1'!A7)="G",FALSE,AND(CELL("format",'#_Sheet1'!A7)="F0",CELL("format",Sheet1!A7)="G"),FALSE,TRUE,IFERROR(IF(MATCH(CELL("format",'#_Sheet1'!A7),FormatCodesSFX!$A$4:$A$53,0)>0,TRUE),FALSE),TRUE,TRUE),"FormatMsg","PerfectMsg"),_xlfn.IFS(ISTEXT('#_Sheet1'!A7),FALSE,ISLOGICAL('#_Sheet1'!A7),FALSE,SUBSTITUTE(CELL("format",'#_Sheet1'!A7),"-","")=SUBSTITUTE(CELL("format",Sheet1!A7),"-",""),FALSE,CELL("format",'#_Sheet1'!A7)="G",FALSE,AND(CELL("format",'#_Sheet1'!A7)="F0",CELL("format",Sheet1!A7)="G"),FALSE,TRUE,IFERROR(IF(MATCH(CELL("format",'#_Sheet1'!A7),FormatCodesSFX!$A$4:$A$53,0)>0,TRUE),FALSE),TRUE,TRUE),"FormatMsg",TRUE,"PerfectMsg") | B7: =_xlfn.IFS(ISBLANK(Sheet1!B7),"",IF(NOT(ISNA('#_Sheet1'!B7)),IF(ISNA(Sheet1!B7),TRUE,FALSE),FALSE),"StuNAMsg",IF(AND(ISNA('#_Sheet1'!B7),ISNA(Sheet1!B7)),TRUE,FALSE),"PerfectMsg",IF(NOT(ISERROR('#_Sheet1'!B7)),IF(ISERROR(Sheet1!B7),TRUE,FALSE),FALSE),"StuErrorMsg",IF(TYPE('#_Sheet1'!B7)<>TYPE(Sheet1!B7),TRUE,FALSE),"WrongTypeMsg",IF(ISNUMBER('#_Sheet1'!B7),IF(ABS('#_Sheet1'!B7-Sheet1!B7)>0.00001,TRUE,FALSE),IF('#_Sheet1'!B7<>Sheet1!B7,TRUE,FALSE)),IF(ISNUMBER('#_Sheet1'!B7),IF('#_Sheet1'!B7>Sheet1!B7,"TooLow","TooHigh"),"WrongAnswer"),NOT(_xlfn.ISFORMULA('#_Sheet1'!B7)),IF(_xlfn.IFS(ISTEXT('#_Sheet1'!B7),FALSE,ISLOGICAL('#_Sheet1'!B7),FALSE,SUBSTITUTE(CELL("format",'#_Sheet1'!B7),"-","")=SUBSTITUTE(CELL("format",Sheet1!B7),"-",""),FALSE,CELL("format",'#_Sheet1'!B7)="G",FALSE,AND(CELL("format",'#_Sheet1'!B7)="F0",CELL("format",Sheet1!B7)="G"),FALSE,TRUE,IFERROR(IF(MATCH(CELL("format",'#_Sheet1'!B7),FormatCodesSFX!$A$4:$A$53,0)>0,TRUE),FALSE),TRUE,TRUE),"FormatMsg","PerfectMsg"),_xlfn.IFS(ISTEXT('#_Sheet1'!B7),FALSE,ISLOGICAL('#_Sheet1'!B7),FALSE,SUBSTITUTE(CELL("format",'#_Sheet1'!B7),"-","")=SUBSTITUTE(CELL("format",Sheet1!B7),"-",""),FALSE,CELL("format",'#_Sheet1'!B7)="G",FALSE,AND(CELL("format",'#_Sheet1'!B7)="F0",CELL("format",Sheet1!B7)="G"),FALSE,TRUE,IFERROR(IF(MATCH(CELL("format",'#_Sheet1'!B7),FormatCodesSFX!$A$4:$A$53,0)>0,TRUE),FALSE),TRUE,TRUE),"FormatMsg",TRUE,"PerfectMsg") | C7: =_xlfn.IFS(ISBLANK(Sheet1!C7),"",IF(NOT(ISNA('#_Sheet1'!C7)),IF(ISNA(Sheet1!C7),TRUE,FALSE),FALSE),"StuNAMsg",IF(AND(ISNA('#_Sheet1'!C7),ISNA(Sheet1!C7)),TRUE,FALSE),"PerfectMsg",IF(NOT(ISERROR('#_Sheet1'!C7)),IF(ISERROR(Sheet1!C7),TRUE,FALSE),FALSE),"StuErrorMsg",IF(TYPE('#_Sheet1'!C7)<>TYPE(Sheet1!C7),TRUE,FALSE),"WrongTypeMsg",IF(ISNUMBER('#_Sheet1'!C7),IF(ABS('#_Sheet1'!C7-Sheet1!C7)>0.00001,TRUE,FALSE),IF('#_Sheet1'!C7<>Sheet1!C7,TRUE,FALSE)),IF(ISNUMBER('#_Sheet1'!C7),IF('#_Sheet1'!C7>Sheet1!C7,"TooLow","TooHigh"),"WrongAnswer"),NOT(_xlfn.ISFORMULA('#_Sheet1'!C7)),IF(_xlfn.IFS(ISTEXT('#_Sheet1'!C7),FALSE,ISLOGICAL('#_Sheet1'!C7),FALSE,SUBSTITUTE(CELL("format",'#_Sheet1'!C7),"-","")=SUBSTITUTE(CELL("format",Sheet1!C7),"-",""),FALSE,CELL("format",'#_Sheet1'!C7)="G",FALSE,AND(CELL("format",'#_Sheet1'!C7)="F0",CELL("format",Sheet1!C7)="G"),FALSE,TRUE,IFERROR(IF(MATCH(CELL("format",'#_Sheet1'!C7),FormatCodesSFX!$A$4:$A$53,0)>0,TRUE),FALSE),TRUE,TRUE),"FormatMsg","PerfectMsg"),_xlfn.IFS(ISTEXT('#_Sheet1'!C7),FALSE,ISLOGICAL('#_Sheet1'!C7),FALSE,SUBSTITUTE(CELL("format",'#_Sheet1'!C7),"-","")=SUBSTITUTE(CELL("format",Sheet1!C7),"-",""),FALSE,CELL("format",'#_Sheet1'!C7)="G",FALSE,AND(CELL("format",'#_Sheet1'!C7)="F0",CELL("format",Sheet1!C7)="G"),FALSE,TRUE,IFERROR(IF(MATCH(CELL("format",'#_Sheet1'!C7),FormatCodesSFX!$A$4:$A$53,0)>0,TRUE),FALSE),TRUE,TRUE),"FormatMsg",TRUE,"PerfectMsg") | D7: =_xlfn.IFS(ISBLANK(Sheet1!D7),"",IF(NOT(ISNA('#_Sheet1'!D7)),IF(ISNA(Sheet1!D7),TRUE,FALSE),FALSE),"StuNAMsg",IF(AND(ISNA('#_Sheet1'!D7),ISNA(Sheet1!D7)),TRUE,FALSE),"PerfectMsg",IF(NOT(ISERROR('#_Sheet1'!D7)),IF(ISERROR(Sheet1!D7),TRUE,FALSE),FALSE),"StuErrorMsg",IF(TYPE('#_Sheet1'!D7)<>TYPE(Sheet1!D7),TRUE,FALSE),"WrongTypeMsg",IF(ISNUMBER('#_Sheet1'!D7),IF(ABS('#_Sheet1'!D7-Sheet1!D7)>0.00001,TRUE,FALSE),IF('#_Sheet1'!D7<>Sheet1!D7,TRUE,FALSE)),IF(ISNUMBER('#_Sheet1'!D7),IF('#_Sheet1'!D7>Sheet1!D7,"TooLow","TooHigh"),"WrongAnswer"),NOT(_xlfn.ISFORMULA('#_Sheet1'!D7)),IF(_xlfn.IFS(ISTEXT('#_Sheet1'!D7),FALSE,ISLOGICAL('#_Sheet1'!D7),FALSE,SUBSTITUTE(CELL("format",'#_Sheet1'!D7),"-","")=SUBSTITUTE(CELL("format",Sheet1!D7),"-",""),FALSE,CELL("format",'#_Sheet1'!D7)="G",FALSE,AND(CELL("format",'#_Sheet1'!D7)="F0",CELL("format",Sheet1!D7)="G"),FALSE,TRUE,IFERROR(IF(MATCH(CELL("format",'#_Sheet1'!D7),FormatCodesSFX!$A$4:$A$53,0)>0,TRUE),FALSE),TRUE,TRUE),"FormatMsg","PerfectMsg"),_xlfn.IFS(ISTEXT('#_Sheet1'!D7),FALSE,ISLOGICAL('#_Sheet1'!D7),FALSE,SUBSTITUTE(CELL("format",'#_Sheet1'!D7),"-","")=SUBSTITUTE(CELL("format",Sheet1!D7),"-",""),FALSE,CELL("format",'#_Sheet1'!D7)="G",FALSE,AND(CELL("format",'#_Sheet1'!D7)="F0",CELL("format",Sheet1!D7)="G"),FALSE,TRUE,IFERROR(IF(MATCH(CELL("format",'#_Sheet1'!D7),FormatCodesSFX!$A$4:$A$53,0)>0,TRUE),FALSE),TRUE,TRUE),"FormatMsg",TRUE,"PerfectMsg") | E7: =_xlfn.IFS(ISBLANK(Sheet1!E7),"",IF(NOT(ISNA('#_Sheet1'!E7)),IF(ISNA(Sheet1!E7),TRUE,FALSE),FALSE),"StuNAMsg",IF(AND(ISNA('#_Sheet1'!E7),ISNA(Sheet1!E7)),TRUE,FALSE),"PerfectMsg",IF(NOT(ISERROR('#_Sheet1'!E7)),IF(ISERROR(Sheet1!E7),TRUE,FALSE),FALSE),"StuErrorMsg",IF(TYPE('#_Sheet1'!E7)<>TYPE(Sheet1!E7),TRUE,FALSE),"WrongTypeMsg",IF(ISNUMBER('#_Sheet1'!E7),IF(ABS('#_Sheet1'!E7-Sheet1!E7)>0.00001,TRUE,FALSE),IF('#_Sheet1'!E7<>Sheet1!E7,TRUE,FALSE)),IF(ISNUMBER('#_Sheet1'!E7),IF('#_Sheet1'!E7>Sheet1!E7,"TooLow","TooHigh"),"WrongAnswer"),NOT(_xlfn.ISFORMULA('#_Sheet1'!E7)),IF(_xlfn.IFS(ISTEXT('#_Sheet1'!E7),FALSE,ISLOGICAL('#_Sheet1'!E7),FALSE,SUBSTITUTE(CELL("format",'#_Sheet1'!E7),"-","")=SUBSTITUTE(CELL("format",Sheet1!E7),"-",""),FALSE,CELL("format",'#_Sheet1'!E7)="G",FALSE,AND(CELL("format",'#_Sheet1'!E7)="F0",CELL("format",Sheet1!E7)="G"),FALSE,TRUE,IFERROR(IF(MATCH(CELL("format",'#_Sheet1'!E7),FormatCodesSFX!$A$4:$A$53,0)>0,TRUE),FALSE),TRUE,TRUE),"FormatMsg","PerfectMsg"),_xlfn.IFS(ISTEXT('#_Sheet1'!E7),FALSE,ISLOGICAL('#_Sheet1'!E7),FALSE,SUBSTITUTE(CELL("format",'#_Sheet1'!E7),"-","")=SUBSTITUTE(CELL("format",Sheet1!E7),"-",""),FALSE,CELL("format",'#_Sheet1'!E7)="G",FALSE,AND(CELL("format",'#_Sheet1'!E7)="F0",CELL("format",Sheet1!E7)="G"),FALSE,TRUE,IFERROR(IF(MATCH(CELL("format",'#_Sheet1'!E7),FormatCodesSFX!$A$4:$A$53,0)>0,TRUE),FALSE),TRUE,TRUE),"FormatMsg",TRUE,"PerfectMsg") | F7: =_xlfn.IFS(ISBLANK(Sheet1!F7),"",IF(NOT(ISNA('#_Sheet1'!F7)),IF(ISNA(Sheet1!F7),TRUE,FALSE),FALSE),"StuNAMsg",IF(AND(ISNA('#_Sheet1'!F7),ISNA(Sheet1!F7)),TRUE,FALSE),"PerfectMsg",IF(NOT(ISERROR('#_Sheet1'!F7)),IF(ISERROR(Sheet1!F7),TRUE,FALSE),FALSE),"StuErrorMsg",IF(TYPE('#_Sheet1'!F7)<>TYPE(Sheet1!F7),TRUE,FALSE),"WrongTypeMsg",IF(ISNUMBER('#_Sheet1'!F7),IF(ABS('#_Sheet1'!F7-Sheet1!F7)>0.00001,TRUE,FALSE),IF('#_Sheet1'!F7<>Sheet1!F7,TRUE,FALSE)),IF(ISNUMBER('#_Sheet1'!F7),IF('#_Sheet1'!F7>Sheet1!F7,"TooLow","TooHigh"),"WrongAnswer"),NOT(_xlfn.ISFORMULA('#_Sheet1'!F7)),IF(_xlfn.IFS(ISTEXT('#_Sheet1'!F7),FALSE,ISLOGICAL('#_Sheet1'!F7),FALSE,SUBSTITUTE(CELL("format",'#_Sheet1'!F7),"-","")=SUBSTITUTE(CELL("format",Sheet1!F7),"-",""),FALSE,CELL("format",'#_Sheet1'!F7)="G",FALSE,AND(CELL("format",'#_Sheet1'!F7)="F0",CELL("format",Sheet1!F7)="G"),FALSE,TRUE,IFERROR(IF(MATCH(CELL("format",'#_Sheet1'!F7),FormatCodesSFX!$A$4:$A$53,0)>0,TRUE),FALSE),TRUE,TRUE),"FormatMsg","PerfectMsg"),_xlfn.IFS(ISTEXT('#_Sheet1'!F7),FALSE,ISLOGICAL('#_Sheet1'!F7),FALSE,SUBSTITUTE(CELL("format",'#_Sheet1'!F7),"-","")=SUBSTITUTE(CELL("format",Sheet1!F7),"-",""),FALSE,CELL("format",'#_Sheet1'!F7)="G",FALSE,AND(CELL("format",'#_Sheet1'!F7)="F0",CELL("format",Sheet1!F7)="G"),FALSE,TRUE,IFERROR(IF(MATCH(CELL("format",'#_Sheet1'!F7),FormatCodesSFX!$A$4:$A$53,0)>0,TRUE),FALSE),TRUE,TRUE),"FormatMsg",TRUE,"PerfectMsg") | G7: =_xlfn.IFS(ISBLANK(Sheet1!G7),"",IF(NOT(ISNA('#_Sheet1'!G7)),IF(ISNA(Sheet1!G7),TRUE,FALSE),FALSE),"StuNAMsg",IF(AND(ISNA('#_Sheet1'!G7),ISNA(Sheet1!G7)),TRUE,FALSE),"PerfectMsg",IF(NOT(ISERROR('#_Sheet1'!G7)),IF(ISERROR(Sheet1!G7),TRUE,FALSE),FALSE),"StuErrorMsg",IF(TYPE('#_Sheet1'!G7)<>TYPE(Sheet1!G7),TRUE,FALSE),"WrongTypeMsg",IF(ISNUMBER('#_Sheet1'!G7),IF(ABS('#_Sheet1'!G7-Sheet1!G7)>0.00001,TRUE,FALSE),IF('#_Sheet1'!G7<>Sheet1!G7,TRUE,FALSE)),IF(ISNUMBER('#_Sheet1'!G7),IF('#_Sheet1'!G7>Sheet1!G7,"TooLow","TooHigh"),"WrongAnswer"),NOT(_xlfn.ISFORMULA('#_Sheet1'!G7)),IF(_xlfn.IFS(ISTEXT('#_Sheet1'!G7),FALSE,ISLOGICAL('#_Sheet1'!G7),FALSE,SUBSTITUTE(CELL("format",'#_Sheet1'!G7),"-","")=SUBSTITUTE(CELL("format",Sheet1!G7),"-",""),FALSE,CELL("format",'#_Sheet1'!G7)="G",FALSE,AND(CELL("format",'#_Sheet1'!G7)="F0",CELL("format",Sheet1!G7)="G"),FALSE,TRUE,IFERROR(IF(MATCH(CELL("format",'#_Sheet1'!G7),FormatCodesSFX!$A$4:$A$53,0)>0,TRUE),FALSE),TRUE,TRUE),"FormatMsg","PerfectMsg"),_xlfn.IFS(ISTEXT('#_Sheet1'!G7),FALSE,ISLOGICAL('#_Sheet1'!G7),FALSE,SUBSTITUTE(CELL("format",'#_Sheet1'!G7),"-","")=SUBSTITUTE(CELL("format",Sheet1!G7),"-",""),FALSE,CELL("format",'#_Sheet1'!G7)="G",FALSE,AND(CELL("format",'#_Sheet1'!G7)="F0",CELL("format",Sheet1!G7)="G"),FALSE,TRUE,IFERROR(IF(MATCH(CELL("format",'#_Sheet1'!G7),FormatCodesSFX!$A$4:$A$53,0)>0,TRUE),FALSE),TRUE,TRUE),"FormatMsg",TRUE,"PerfectMsg") | H7: =_xlfn.IFS(ISBLANK(Sheet1!H7),"",IF(NOT(ISNA('#_Sheet1'!H7)),IF(ISNA(Sheet1!H7),TRUE,FALSE),FALSE),"StuNAMsg",IF(AND(ISNA('#_Sheet1'!H7),ISNA(Sheet1!H7)),TRUE,FALSE),"PerfectMsg",IF(NOT(ISERROR('#_Sheet1'!H7)),IF(ISERROR(Sheet1!H7),TRUE,FALSE),FALSE),"StuErrorMsg",IF(TYPE('#_Sheet1'!H7)<>TYPE(Sheet1!H7),TRUE,FALSE),"WrongTypeMsg",IF(ISNUMBER('#_Sheet1'!H7),IF(ABS('#_Sheet1'!H7-Sheet1!H7)>0.00001,TRUE,FALSE),IF('#_Sheet1'!H7<>Sheet1!H7,TRUE,FALSE)),IF(ISNUMBER('#_Sheet1'!H7),IF('#_Sheet1'!H7>Sheet1!H7,"TooLow","TooHigh"),"WrongAnswer"),NOT(_xlfn.ISFORMULA('#_Sheet1'!H7)),IF(_xlfn.IFS(ISTEXT('#_Sheet1'!H7),FALSE,ISLOGICAL('#_Sheet1'!H7),FALSE,SUBSTITUTE(CELL("format",'#_Sheet1'!H7),"-","")=SUBSTITUTE(CELL("format",Sheet1!H7),"-",""),FALSE,CELL("format",'#_Sheet1'!H7)="G",FALSE,AND(CELL("format",'#_Sheet1'!H7)="F0",CELL("format",Sheet1!H7)="G"),FALSE,TRUE,IFERROR(IF(MATCH(CELL("format",'#_Sheet1'!H7),FormatCodesSFX!$A$4:$A$53,0)>0,TRUE),FALSE),TRUE,TRUE),"FormatMsg","PerfectMsg"),_xlfn.IFS(ISTEXT('#_Sheet1'!H7),FALSE,ISLOGICAL('#_Sheet1'!H7),FALSE,SUBSTITUTE(CELL("format",'#_Sheet1'!H7),"-","")=SUBSTITUTE(CELL("format",Sheet1!H7),"-",""),FALSE,CELL("format",'#_Sheet1'!H7)="G",FALSE,AND(CELL("format",'#_Sheet1'!H7)="F0",CELL("format",Sheet1!H7)="G"),FALSE,TRUE,IFERROR(IF(MATCH(CELL("format",'#_Sheet1'!H7),FormatCodesSFX!$A$4:$A$53,0)>0,TRUE),FALSE),TRUE,TRUE),"FormatMsg",TRUE,"PerfectMsg")
A8: =_xlfn.IFS(ISBLANK(Sheet1!A8),"",IF(NOT(ISNA('#_Sheet1'!A8)),IF(ISNA(Sheet1!A8),TRUE,FALSE),FALSE),"StuNAMsg",IF(AND(ISNA('#_Sheet1'!A8),ISNA(Sheet1!A8)),TRUE,FALSE),"PerfectMsg",IF(NOT(ISERROR('#_Sheet1'!A8)),IF(ISERROR(Sheet1!A8),TRUE,FALSE),FALSE),"StuErrorMsg",IF(TYPE('#_Sheet1'!A8)<>TYPE(Sheet1!A8),TRUE,FALSE),"WrongTypeMsg",IF(ISNUMBER('#_Sheet1'!A8),IF(ABS('#_Sheet1'!A8-Sheet1!A8)>0.00001,TRUE,FALSE),IF('#_Sheet1'!A8<>Sheet1!A8,TRUE,FALSE)),IF(ISNUMBER('#_Sheet1'!A8),IF('#_Sheet1'!A8>Sheet1!A8,"TooLow","TooHigh"),"WrongAnswer"),NOT(_xlfn.ISFORMULA('#_Sheet1'!A8)),IF(_xlfn.IFS(ISTEXT('#_Sheet1'!A8),FALSE,ISLOGICAL('#_Sheet1'!A8),FALSE,SUBSTITUTE(CELL("format",'#_Sheet1'!A8),"-","")=SUBSTITUTE(CELL("format",Sheet1!A8),"-",""),FALSE,CELL("format",'#_Sheet1'!A8)="G",FALSE,AND(CELL("format",'#_Sheet1'!A8)="F0",CELL("format",Sheet1!A8)="G"),FALSE,TRUE,IFERROR(IF(MATCH(CELL("format",'#_Sheet1'!A8),FormatCodesSFX!$A$4:$A$53,0)>0,TRUE),FALSE),TRUE,TRUE),"FormatMsg","PerfectMsg"),_xlfn.IFS(ISTEXT('#_Sheet1'!A8),FALSE,ISLOGICAL('#_Sheet1'!A8),FALSE,SUBSTITUTE(CELL("format",'#_Sheet1'!A8),"-","")=SUBSTITUTE(CELL("format",Sheet1!A8),"-",""),FALSE,CELL("format",'#_Sheet1'!A8)="G",FALSE,AND(CELL("format",'#_Sheet1'!A8)="F0",CELL("format",Sheet1!A8)="G"),FALSE,TRUE,IFERROR(IF(MATCH(CELL("format",'#_Sheet1'!A8),FormatCodesSFX!$A$4:$A$53,0)>0,TRUE),FALSE),TRUE,TRUE),"FormatMsg",TRUE,"PerfectMsg") | B8: =_xlfn.IFS(ISBLANK(Sheet1!B8),"",IF(NOT(ISNA('#_Sheet1'!B8)),IF(ISNA(Sheet1!B8),TRUE,FALSE),FALSE),"StuNAMsg",IF(AND(ISNA('#_Sheet1'!B8),ISNA(Sheet1!B8)),TRUE,FALSE),"PerfectMsg",IF(NOT(ISERROR('#_Sheet1'!B8)),IF(ISERROR(Sheet1!B8),TRUE,FALSE),FALSE),"StuErrorMsg",IF(TYPE('#_Sheet1'!B8)<>TYPE(Sheet1!B8),TRUE,FALSE),"WrongTypeMsg",IF(ISNUMBER('#_Sheet1'!B8),IF(ABS('#_Sheet1'!B8-Sheet1!B8)>0.00001,TRUE,FALSE),IF('#_Sheet1'!B8<>Sheet1!B8,TRUE,FALSE)),IF(ISNUMBER('#_Sheet1'!B8),IF('#_Sheet1'!B8>Sheet1!B8,"TooLow","TooHigh"),"WrongAnswer"),NOT(_xlfn.ISFORMULA('#_Sheet1'!B8)),IF(_xlfn.IFS(ISTEXT('#_Sheet1'!B8),FALSE,ISLOGICAL('#_Sheet1'!B8),FALSE,SUBSTITUTE(CELL("format",'#_Sheet1'!B8),"-","")=SUBSTITUTE(CELL("format",Sheet1!B8),"-",""),FALSE,CELL("format",'#_Sheet1'!B8)="G",FALSE,AND(CELL("format",'#_Sheet1'!B8)="F0",CELL("format",Sheet1!B8)="G"),FALSE,TRUE,IFERROR(IF(MATCH(CELL("format",'#_Sheet1'!B8),FormatCodesSFX!$A$4:$A$53,0)>0,TRUE),FALSE),TRUE,TRUE),"FormatMsg","PerfectMsg"),_xlfn.IFS(ISTEXT('#_Sheet1'!B8),FALSE,ISLOGICAL('#_Sheet1'!B8),FALSE,SUBSTITUTE(CELL("format",'#_Sheet1'!B8),"-","")=SUBSTITUTE(CELL("format",Sheet1!B8),"-",""),FALSE,CELL("format",'#_Sheet1'!B8)="G",FALSE,AND(CELL("format",'#_Sheet1'!B8)="F0",CELL("format",Sheet1!B8)="G"),FALSE,TRUE,IFERROR(IF(MATCH(CELL("format",'#_Sheet1'!B8),FormatCodesSFX!$A$4:$A$53,0)>0,TRUE),FALSE),TRUE,TRUE),"FormatMsg",TRUE,"PerfectMsg") | C8: =_xlfn.IFS(ISBLANK(Sheet1!C8),"",IF(NOT(ISNA('#_Sheet1'!C8)),IF(ISNA(Sheet1!C8),TRUE,FALSE),FALSE),"StuNAMsg",IF(AND(ISNA('#_Sheet1'!C8),ISNA(Sheet1!C8)),TRUE,FALSE),"PerfectMsg",IF(NOT(ISERROR('#_Sheet1'!C8)),IF(ISERROR(Sheet1!C8),TRUE,FALSE),FALSE),"StuErrorMsg",IF(TYPE('#_Sheet1'!C8)<>TYPE(Sheet1!C8),TRUE,FALSE),"WrongTypeMsg",IF(ISNUMBER('#_Sheet1'!C8),IF(ABS('#_Sheet1'!C8-Sheet1!C8)>0.00001,TRUE,FALSE),IF('#_Sheet1'!C8<>Sheet1!C8,TRUE,FALSE)),IF(ISNUMBER('#_Sheet1'!C8),IF('#_Sheet1'!C8>Sheet1!C8,"TooLow","TooHigh"),"WrongAnswer"),NOT(_xlfn.ISFORMULA('#_Sheet1'!C8)),IF(_xlfn.IFS(ISTEXT('#_Sheet1'!C8),FALSE,ISLOGICAL('#_Sheet1'!C8),FALSE,SUBSTITUTE(CELL("format",'#_Sheet1'!C8),"-","")=SUBSTITUTE(CELL("format",Sheet1!C8),"-",""),FALSE,CELL("format",'#_Sheet1'!C8)="G",FALSE,AND(CELL("format",'#_Sheet1'!C8)="F0",CELL("format",Sheet1!C8)="G"),FALSE,TRUE,IFERROR(IF(MATCH(CELL("format",'#_Sheet1'!C8),FormatCodesSFX!$A$4:$A$53,0)>0,TRUE),FALSE),TRUE,TRUE),"FormatMsg","PerfectMsg"),_xlfn.IFS(ISTEXT('#_Sheet1'!C8),FALSE,ISLOGICAL('#_Sheet1'!C8),FALSE,SUBSTITUTE(CELL("format",'#_Sheet1'!C8),"-","")=SUBSTITUTE(CELL("format",Sheet1!C8),"-",""),FALSE,CELL("format",'#_Sheet1'!C8)="G",FALSE,AND(CELL("format",'#_Sheet1'!C8)="F0",CELL("format",Sheet1!C8)="G"),FALSE,TRUE,IFERROR(IF(MATCH(CELL("format",'#_Sheet1'!C8),FormatCodesSFX!$A$4:$A$53,0)>0,TRUE),FALSE),TRUE,TRUE),"FormatMsg",TRUE,"PerfectMsg") | D8: =_xlfn.IFS(ISBLANK(Sheet1!D8),"",IF(NOT(ISNA('#_Sheet1'!D8)),IF(ISNA(Sheet1!D8),TRUE,FALSE),FALSE),"StuNAMsg",IF(AND(ISNA('#_Sheet1'!D8),ISNA(Sheet1!D8)),TRUE,FALSE),"PerfectMsg",IF(NOT(ISERROR('#_Sheet1'!D8)),IF(ISERROR(Sheet1!D8),TRUE,FALSE),FALSE),"StuErrorMsg",IF(TYPE('#_Sheet1'!D8)<>TYPE(Sheet1!D8),TRUE,FALSE),"WrongTypeMsg",IF(ISNUMBER('#_Sheet1'!D8),IF(ABS('#_Sheet1'!D8-Sheet1!D8)>0.00001,TRUE,FALSE),IF('#_Sheet1'!D8<>Sheet1!D8,TRUE,FALSE)),IF(ISNUMBER('#_Sheet1'!D8),IF('#_Sheet1'!D8>Sheet1!D8,"TooLow","TooHigh"),"WrongAnswer"),NOT(_xlfn.ISFORMULA('#_Sheet1'!D8)),IF(_xlfn.IFS(ISTEXT('#_Sheet1'!D8),FALSE,ISLOGICAL('#_Sheet1'!D8),FALSE,SUBSTITUTE(CELL("format",'#_Sheet1'!D8),"-","")=SUBSTITUTE(CELL("format",Sheet1!D8),"-",""),FALSE,CELL("format",'#_Sheet1'!D8)="G",FALSE,AND(CELL("format",'#_Sheet1'!D8)="F0",CELL("format",Sheet1!D8)="G"),FALSE,TRUE,IFERROR(IF(MATCH(CELL("format",'#_Sheet1'!D8),FormatCodesSFX!$A$4:$A$53,0)>0,TRUE),FALSE),TRUE,TRUE),"FormatMsg","PerfectMsg"),_xlfn.IFS(ISTEXT('#_Sheet1'!D8),FALSE,ISLOGICAL('#_Sheet1'!D8),FALSE,SUBSTITUTE(CELL("format",'#_Sheet1'!D8),"-","")=SUBSTITUTE(CELL("format",Sheet1!D8),"-",""),FALSE,CELL("format",'#_Sheet1'!D8)="G",FALSE,AND(CELL("format",'#_Sheet1'!D8)="F0",CELL("format",Sheet1!D8)="G"),FALSE,TRUE,IFERROR(IF(MATCH(CELL("format",'#_Sheet1'!D8),FormatCodesSFX!$A$4:$A$53,0)>0,TRUE),FALSE),TRUE,TRUE),"FormatMsg",TRUE,"PerfectMsg") | E8: =_xlfn.IFS(ISBLANK(Sheet1!E8),"",IF(NOT(ISNA('#_Sheet1'!E8)),IF(ISNA(Sheet1!E8),TRUE,FALSE),FALSE),"StuNAMsg",IF(AND(ISNA('#_Sheet1'!E8),ISNA(Sheet1!E8)),TRUE,FALSE),"PerfectMsg",IF(NOT(ISERROR('#_Sheet1'!E8)),IF(ISERROR(Sheet1!E8),TRUE,FALSE),FALSE),"StuErrorMsg",IF(TYPE('#_Sheet1'!E8)<>TYPE(Sheet1!E8),TRUE,FALSE),"WrongTypeMsg",IF(ISNUMBER('#_Sheet1'!E8),IF(ABS('#_Sheet1'!E8-Sheet1!E8)>0.00001,TRUE,FALSE),IF('#_Sheet1'!E8<>Sheet1!E8,TRUE,FALSE)),IF(ISNUMBER('#_Sheet1'!E8),IF('#_Sheet1'!E8>Sheet1!E8,"TooLow","TooHigh"),"WrongAnswer"),NOT(_xlfn.ISFORMULA('#_Sheet1'!E8)),IF(_xlfn.IFS(ISTEXT('#_Sheet1'!E8),FALSE,ISLOGICAL('#_Sheet1'!E8),FALSE,SUBSTITUTE(CELL("format",'#_Sheet1'!E8),"-","")=SUBSTITUTE(CELL("format",Sheet1!E8),"-",""),FALSE,CELL("format",'#_Sheet1'!E8)="G",FALSE,AND(CELL("format",'#_Sheet1'!E8)="F0",CELL("format",Sheet1!E8)="G"),FALSE,TRUE,IFERROR(IF(MATCH(CELL("format",'#_Sheet1'!E8),FormatCodesSFX!$A$4:$A$53,0)>0,TRUE),FALSE),TRUE,TRUE),"FormatMsg","PerfectMsg"),_xlfn.IFS(ISTEXT('#_Sheet1'!E8),FALSE,ISLOGICAL('#_Sheet1'!E8),FALSE,SUBSTITUTE(CELL("format",'#_Sheet1'!E8),"-","")=SUBSTITUTE(CELL("format",Sheet1!E8),"-",""),FALSE,CELL("format",'#_Sheet1'!E8)="G",FALSE,AND(CELL("format",'#_Sheet1'!E8)="F0",CELL("format",Sheet1!E8)="G"),FALSE,TRUE,IFERROR(IF(MATCH(CELL("format",'#_Sheet1'!E8),FormatCodesSFX!$A$4:$A$53,0)>0,TRUE),FALSE),TRUE,TRUE),"FormatMsg",TRUE,"PerfectMsg") | F8: =_xlfn.IFS(ISBLANK(Sheet1!F8),"",IF(NOT(ISNA('#_Sheet1'!F8)),IF(ISNA(Sheet1!F8),TRUE,FALSE),FALSE),"StuNAMsg",IF(AND(ISNA('#_Sheet1'!F8),ISNA(Sheet1!F8)),TRUE,FALSE),"PerfectMsg",IF(NOT(ISERROR('#_Sheet1'!F8)),IF(ISERROR(Sheet1!F8),TRUE,FALSE),FALSE),"StuErrorMsg",IF(TYPE('#_Sheet1'!F8)<>TYPE(Sheet1!F8),TRUE,FALSE),"WrongTypeMsg",IF(ISNUMBER('#_Sheet1'!F8),IF(ABS('#_Sheet1'!F8-Sheet1!F8)>0.00001,TRUE,FALSE),IF('#_Sheet1'!F8<>Sheet1!F8,TRUE,FALSE)),IF(ISNUMBER('#_Sheet1'!F8),IF('#_Sheet1'!F8>Sheet1!F8,"TooLow","TooHigh"),"WrongAnswer"),NOT(_xlfn.ISFORMULA('#_Sheet1'!F8)),IF(_xlfn.IFS(ISTEXT('#_Sheet1'!F8),FALSE,ISLOGICAL('#_Sheet1'!F8),FALSE,SUBSTITUTE(CELL("format",'#_Sheet1'!F8),"-","")=SUBSTITUTE(CELL("format",Sheet1!F8),"-",""),FALSE,CELL("format",'#_Sheet1'!F8)="G",FALSE,AND(CELL("format",'#_Sheet1'!F8)="F0",CELL("format",Sheet1!F8)="G"),FALSE,TRUE,IFERROR(IF(MATCH(CELL("format",'#_Sheet1'!F8),FormatCodesSFX!$A$4:$A$53,0)>0,TRUE),FALSE),TRUE,TRUE),"FormatMsg","PerfectMsg"),_xlfn.IFS(ISTEXT('#_Sheet1'!F8),FALSE,ISLOGICAL('#_Sheet1'!F8),FALSE,SUBSTITUTE(CELL("format",'#_Sheet1'!F8),"-","")=SUBSTITUTE(CELL("format",Sheet1!F8),"-",""),FALSE,CELL("format",'#_Sheet1'!F8)="G",FALSE,AND(CELL("format",'#_Sheet1'!F8)="F0",CELL("format",Sheet1!F8)="G"),FALSE,TRUE,IFERROR(IF(MATCH(CELL("format",'#_Sheet1'!F8),FormatCodesSFX!$A$4:$A$53,0)>0,TRUE),FALSE),TRUE,TRUE),"FormatMsg",TRUE,"PerfectMsg") | G8: =_xlfn.IFS(ISBLANK(Sheet1!G8),"",IF(NOT(ISNA('#_Sheet1'!G8)),IF(ISNA(Sheet1!G8),TRUE,FALSE),FALSE),"StuNAMsg",IF(AND(ISNA('#_Sheet1'!G8),ISNA(Sheet1!G8)),TRUE,FALSE),"PerfectMsg",IF(NOT(ISERROR('#_Sheet1'!G8)),IF(ISERROR(Sheet1!G8),TRUE,FALSE),FALSE),"StuErrorMsg",IF(TYPE('#_Sheet1'!G8)<>TYPE(Sheet1!G8),TRUE,FALSE),"WrongTypeMsg",IF(ISNUMBER('#_Sheet1'!G8),IF(ABS('#_Sheet1'!G8-Sheet1!G8)>0.00001,TRUE,FALSE),IF('#_Sheet1'!G8<>Sheet1!G8,TRUE,FALSE)),IF(ISNUMBER('#_Sheet1'!G8),IF('#_Sheet1'!G8>Sheet1!G8,"TooLow","TooHigh"),"WrongAnswer"),NOT(_xlfn.ISFORMULA('#_Sheet1'!G8)),IF(_xlfn.IFS(ISTEXT('#_Sheet1'!G8),FALSE,ISLOGICAL('#_Sheet1'!G8),FALSE,SUBSTITUTE(CELL("format",'#_Sheet1'!G8),"-","")=SUBSTITUTE(CELL("format",Sheet1!G8),"-",""),FALSE,CELL("format",'#_Sheet1'!G8)="G",FALSE,AND(CELL("format",'#_Sheet1'!G8)="F0",CELL("format",Sheet1!G8)="G"),FALSE,TRUE,IFERROR(IF(MATCH(CELL("format",'#_Sheet1'!G8),FormatCodesSFX!$A$4:$A$53,0)>0,TRUE),FALSE),TRUE,TRUE),"FormatMsg","PerfectMsg"),_xlfn.IFS(ISTEXT('#_Sheet1'!G8),FALSE,ISLOGICAL('#_Sheet1'!G8),FALSE,SUBSTITUTE(CELL("format",'#_Sheet1'!G8),"-","")=SUBSTITUTE(CELL("format",Sheet1!G8),"-",""),FALSE,CELL("format",'#_Sheet1'!G8)="G",FALSE,AND(CELL("format",'#_Sheet1'!G8)="F0",CELL("format",Sheet1!G8)="G"),FALSE,TRUE,IFERROR(IF(MATCH(CELL("format",'#_Sheet1'!G8),FormatCodesSFX!$A$4:$A$53,0)>0,TRUE),FALSE),TRUE,TRUE),"FormatMsg",TRUE,"PerfectMsg") | H8: =_xlfn.IFS(ISBLANK(Sheet1!H8),"",IF(NOT(ISNA('#_Sheet1'!H8)),IF(ISNA(Sheet1!H8),TRUE,FALSE),FALSE),"StuNAMsg",IF(AND(ISNA('#_Sheet1'!H8),ISNA(Sheet1!H8)),TRUE,FALSE),"PerfectMsg",IF(NOT(ISERROR('#_Sheet1'!H8)),IF(ISERROR(Sheet1!H8),TRUE,FALSE),FALSE),"StuErrorMsg",IF(TYPE('#_Sheet1'!H8)<>TYPE(Sheet1!H8),TRUE,FALSE),"WrongTypeMsg",IF(ISNUMBER('#_Sheet1'!H8),IF(ABS('#_Sheet1'!H8-Sheet1!H8)>0.00001,TRUE,FALSE),IF('#_Sheet1'!H8<>Sheet1!H8,TRUE,FALSE)),IF(ISNUMBER('#_Sheet1'!H8),IF('#_Sheet1'!H8>Sheet1!H8,"TooLow","TooHigh"),"WrongAnswer"),NOT(_xlfn.ISFORMULA('#_Sheet1'!H8)),IF(_xlfn.IFS(ISTEXT('#_Sheet1'!H8),FALSE,ISLOGICAL('#_Sheet1'!H8),FALSE,SUBSTITUTE(CELL("format",'#_Sheet1'!H8),"-","")=SUBSTITUTE(CELL("format",Sheet1!H8),"-",""),FALSE,CELL("format",'#_Sheet1'!H8)="G",FALSE,AND(CELL("format",'#_Sheet1'!H8)="F0",CELL("format",Sheet1!H8)="G"),FALSE,TRUE,IFERROR(IF(MATCH(CELL("format",'#_Sheet1'!H8),FormatCodesSFX!$A$4:$A$53,0)>0,TRUE),FALSE),TRUE,TRUE),"FormatMsg","PerfectMsg"),_xlfn.IFS(ISTEXT('#_Sheet1'!H8),FALSE,ISLOGICAL('#_Sheet1'!H8),FALSE,SUBSTITUTE(CELL("format",'#_Sheet1'!H8),"-","")=SUBSTITUTE(CELL("format",Sheet1!H8),"-",""),FALSE,CELL("format",'#_Sheet1'!H8)="G",FALSE,AND(CELL("format",'#_Sheet1'!H8)="F0",CELL("format",Sheet1!H8)="G"),FALSE,TRUE,IFERROR(IF(MATCH(CELL("format",'#_Sheet1'!H8),FormatCodesSFX!$A$4:$A$53,0)>0,TRUE),FALSE),TRUE,TRUE),"FormatMsg",TRUE,"PerfectMsg")
A9: =_xlfn.IFS(ISBLANK(Sheet1!A9),"",IF(NOT(ISNA('#_Sheet1'!A9)),IF(ISNA(Sheet1!A9),TRUE,FALSE),FALSE),"StuNAMsg",IF(AND(ISNA('#_Sheet1'!A9),ISNA(Sheet1!A9)),TRUE,FALSE),"PerfectMsg",IF(NOT(ISERROR('#_Sheet1'!A9)),IF(ISERROR(Sheet1!A9),TRUE,FALSE),FALSE),"StuErrorMsg",IF(TYPE('#_Sheet1'!A9)<>TYPE(Sheet1!A9),TRUE,FALSE),"WrongTypeMsg",IF(ISNUMBER('#_Sheet1'!A9),IF(ABS('#_Sheet1'!A9-Sheet1!A9)>0.00001,TRUE,FALSE),IF('#_Sheet1'!A9<>Sheet1!A9,TRUE,FALSE)),IF(ISNUMBER('#_Sheet1'!A9),IF('#_Sheet1'!A9>Sheet1!A9,"TooLow","TooHigh"),"WrongAnswer"),NOT(_xlfn.ISFORMULA('#_Sheet1'!A9)),IF(_xlfn.IFS(ISTEXT('#_Sheet1'!A9),FALSE,ISLOGICAL('#_Sheet1'!A9),FALSE,SUBSTITUTE(CELL("format",'#_Sheet1'!A9),"-","")=SUBSTITUTE(CELL("format",Sheet1!A9),"-",""),FALSE,CELL("format",'#_Sheet1'!A9)="G",FALSE,AND(CELL("format",'#_Sheet1'!A9)="F0",CELL("format",Sheet1!A9)="G"),FALSE,TRUE,IFERROR(IF(MATCH(CELL("format",'#_Sheet1'!A9),FormatCodesSFX!$A$4:$A$53,0)>0,TRUE),FALSE),TRUE,TRUE),"FormatMsg","PerfectMsg"),_xlfn.IFS(ISTEXT('#_Sheet1'!A9),FALSE,ISLOGICAL('#_Sheet1'!A9),FALSE,SUBSTITUTE(CELL("format",'#_Sheet1'!A9),"-","")=SUBSTITUTE(CELL("format",Sheet1!A9),"-",""),FALSE,CELL("format",'#_Sheet1'!A9)="G",FALSE,AND(CELL("format",'#_Sheet1'!A9)="F0",CELL("format",Sheet1!A9)="G"),FALSE,TRUE,IFERROR(IF(MATCH(CELL("format",'#_Sheet1'!A9),FormatCodesSFX!$A$4:$A$53,0)>0,TRUE),FALSE),TRUE,TRUE),"FormatMsg",TRUE,"PerfectMsg") | B9: =_xlfn.IFS(ISBLANK(Sheet1!B9),"",IF(NOT(ISNA('#_Sheet1'!B9)),IF(ISNA(Sheet1!B9),TRUE,FALSE),FALSE),"StuNAMsg",IF(AND(ISNA('#_Sheet1'!B9),ISNA(Sheet1!B9)),TRUE,FALSE),"PerfectMsg",IF(NOT(ISERROR('#_Sheet1'!B9)),IF(ISERROR(Sheet1!B9),TRUE,FALSE),FALSE),"StuErrorMsg",IF(TYPE('#_Sheet1'!B9)<>TYPE(Sheet1!B9),TRUE,FALSE),"WrongTypeMsg",IF(ISNUMBER('#_Sheet1'!B9),IF(ABS('#_Sheet1'!B9-Sheet1!B9)>0.00001,TRUE,FALSE),IF('#_Sheet1'!B9<>Sheet1!B9,TRUE,FALSE)),IF(ISNUMBER('#_Sheet1'!B9),IF('#_Sheet1'!B9>Sheet1!B9,"TooLow","TooHigh"),"WrongAnswer"),NOT(_xlfn.ISFORMULA('#_Sheet1'!B9)),IF(_xlfn.IFS(ISTEXT('#_Sheet1'!B9),FALSE,ISLOGICAL('#_Sheet1'!B9),FALSE,SUBSTITUTE(CELL("format",'#_Sheet1'!B9),"-","")=SUBSTITUTE(CELL("format",Sheet1!B9),"-",""),FALSE,CELL("format",'#_Sheet1'!B9)="G",FALSE,AND(CELL("format",'#_Sheet1'!B9)="F0",CELL("format",Sheet1!B9)="G"),FALSE,TRUE,IFERROR(IF(MATCH(CELL("format",'#_Sheet1'!B9),FormatCodesSFX!$A$4:$A$53,0)>0,TRUE),FALSE),TRUE,TRUE),"FormatMsg","PerfectMsg"),_xlfn.IFS(ISTEXT('#_Sheet1'!B9),FALSE,ISLOGICAL('#_Sheet1'!B9),FALSE,SUBSTITUTE(CELL("format",'#_Sheet1'!B9),"-","")=SUBSTITUTE(CELL("format",Sheet1!B9),"-",""),FALSE,CELL("format",'#_Sheet1'!B9)="G",FALSE,AND(CELL("format",'#_Sheet1'!B9)="F0",CELL("format",Sheet1!B9)="G"),FALSE,TRUE,IFERROR(IF(MATCH(CELL("format",'#_Sheet1'!B9),FormatCodesSFX!$A$4:$A$53,0)>0,TRUE),FALSE),TRUE,TRUE),"FormatMsg",TRUE,"PerfectMsg") | C9: =_xlfn.IFS(ISBLANK(Sheet1!C9),"",IF(NOT(ISNA('#_Sheet1'!C9)),IF(ISNA(Sheet1!C9),TRUE,FALSE),FALSE),"StuNAMsg",IF(AND(ISNA('#_Sheet1'!C9),ISNA(Sheet1!C9)),TRUE,FALSE),"PerfectMsg",IF(NOT(ISERROR('#_Sheet1'!C9)),IF(ISERROR(Sheet1!C9),TRUE,FALSE),FALSE),"StuErrorMsg",IF(TYPE('#_Sheet1'!C9)<>TYPE(Sheet1!C9),TRUE,FALSE),"WrongTypeMsg",IF(ISNUMBER('#_Sheet1'!C9),IF(ABS('#_Sheet1'!C9-Sheet1!C9)>0.00001,TRUE,FALSE),IF('#_Sheet1'!C9<>Sheet1!C9,TRUE,FALSE)),IF(ISNUMBER('#_Sheet1'!C9),IF('#_Sheet1'!C9>Sheet1!C9,"TooLow","TooHigh"),"WrongAnswer"),NOT(_xlfn.ISFORMULA('#_Sheet1'!C9)),IF(_xlfn.IFS(ISTEXT('#_Sheet1'!C9),FALSE,ISLOGICAL('#_Sheet1'!C9),FALSE,SUBSTITUTE(CELL("format",'#_Sheet1'!C9),"-","")=SUBSTITUTE(CELL("format",Sheet1!C9),"-",""),FALSE,CELL("format",'#_Sheet1'!C9)="G",FALSE,AND(CELL("format",'#_Sheet1'!C9)="F0",CELL("format",Sheet1!C9)="G"),FALSE,TRUE,IFERROR(IF(MATCH(CELL("format",'#_Sheet1'!C9),FormatCodesSFX!$A$4:$A$53,0)>0,TRUE),FALSE),TRUE,TRUE),"FormatMsg","PerfectMsg"),_xlfn.IFS(ISTEXT('#_Sheet1'!C9),FALSE,ISLOGICAL('#_Sheet1'!C9),FALSE,SUBSTITUTE(CELL("format",'#_Sheet1'!C9),"-","")=SUBSTITUTE(CELL("format",Sheet1!C9),"-",""),FALSE,CELL("format",'#_Sheet1'!C9)="G",FALSE,AND(CELL("format",'#_Sheet1'!C9)="F0",CELL("format",Sheet1!C9)="G"),FALSE,TRUE,IFERROR(IF(MATCH(CELL("format",'#_Sheet1'!C9),FormatCodesSFX!$A$4:$A$53,0)>0,TRUE),FALSE),TRUE,TRUE),"FormatMsg",TRUE,"PerfectMsg") | D9: =_xlfn.IFS(ISBLANK(Sheet1!D9),"",IF(NOT(ISNA('#_Sheet1'!D9)),IF(ISNA(Sheet1!D9),TRUE,FALSE),FALSE),"StuNAMsg",IF(AND(ISNA('#_Sheet1'!D9),ISNA(Sheet1!D9)),TRUE,FALSE),"PerfectMsg",IF(NOT(ISERROR('#_Sheet1'!D9)),IF(ISERROR(Sheet1!D9),TRUE,FALSE),FALSE),"StuErrorMsg",IF(TYPE('#_Sheet1'!D9)<>TYPE(Sheet1!D9),TRUE,FALSE),"WrongTypeMsg",IF(ISNUMBER('#_Sheet1'!D9),IF(ABS('#_Sheet1'!D9-Sheet1!D9)>0.00001,TRUE,FALSE),IF('#_Sheet1'!D9<>Sheet1!D9,TRUE,FALSE)),IF(ISNUMBER('#_Sheet1'!D9),IF('#_Sheet1'!D9>Sheet1!D9,"TooLow","TooHigh"),"WrongAnswer"),NOT(_xlfn.ISFORMULA('#_Sheet1'!D9)),IF(_xlfn.IFS(ISTEXT('#_Sheet1'!D9),FALSE,ISLOGICAL('#_Sheet1'!D9),FALSE,SUBSTITUTE(CELL("format",'#_Sheet1'!D9),"-","")=SUBSTITUTE(CELL("format",Sheet1!D9),"-",""),FALSE,CELL("format",'#_Sheet1'!D9)="G",FALSE,AND(CELL("format",'#_Sheet1'!D9)="F0",CELL("format",Sheet1!D9)="G"),FALSE,TRUE,IFERROR(IF(MATCH(CELL("format",'#_Sheet1'!D9),FormatCodesSFX!$A$4:$A$53,0)>0,TRUE),FALSE),TRUE,TRUE),"FormatMsg","PerfectMsg"),_xlfn.IFS(ISTEXT('#_Sheet1'!D9),FALSE,ISLOGICAL('#_Sheet1'!D9),FALSE,SUBSTITUTE(CELL("format",'#_Sheet1'!D9),"-","")=SUBSTITUTE(CELL("format",Sheet1!D9),"-",""),FALSE,CELL("format",'#_Sheet1'!D9)="G",FALSE,AND(CELL("format",'#_Sheet1'!D9)="F0",CELL("format",Sheet1!D9)="G"),FALSE,TRUE,IFERROR(IF(MATCH(CELL("format",'#_Sheet1'!D9),FormatCodesSFX!$A$4:$A$53,0)>0,TRUE),FALSE),TRUE,TRUE),"FormatMsg",TRUE,"PerfectMsg") | E9: =_xlfn.IFS(ISBLANK(Sheet1!E9),"",IF(NOT(ISNA('#_Sheet1'!E9)),IF(ISNA(Sheet1!E9),TRUE,FALSE),FALSE),"StuNAMsg",IF(AND(ISNA('#_Sheet1'!E9),ISNA(Sheet1!E9)),TRUE,FALSE),"PerfectMsg",IF(NOT(ISERROR('#_Sheet1'!E9)),IF(ISERROR(Sheet1!E9),TRUE,FALSE),FALSE),"StuErrorMsg",IF(TYPE('#_Sheet1'!E9)<>TYPE(Sheet1!E9),TRUE,FALSE),"WrongTypeMsg",IF(ISNUMBER('#_Sheet1'!E9),IF(ABS('#_Sheet1'!E9-Sheet1!E9)>0.00001,TRUE,FALSE),IF('#_Sheet1'!E9<>Sheet1!E9,TRUE,FALSE)),IF(ISNUMBER('#_Sheet1'!E9),IF('#_Sheet1'!E9>Sheet1!E9,"TooLow","TooHigh"),"WrongAnswer"),NOT(_xlfn.ISFORMULA('#_Sheet1'!E9)),IF(_xlfn.IFS(ISTEXT('#_Sheet1'!E9),FALSE,ISLOGICAL('#_Sheet1'!E9),FALSE,SUBSTITUTE(CELL("format",'#_Sheet1'!E9),"-","")=SUBSTITUTE(CELL("format",Sheet1!E9),"-",""),FALSE,CELL("format",'#_Sheet1'!E9)="G",FALSE,AND(CELL("format",'#_Sheet1'!E9)="F0",CELL("format",Sheet1!E9)="G"),FALSE,TRUE,IFERROR(IF(MATCH(CELL("format",'#_Sheet1'!E9),FormatCodesSFX!$A$4:$A$53,0)>0,TRUE),FALSE),TRUE,TRUE),"FormatMsg","PerfectMsg"),_xlfn.IFS(ISTEXT('#_Sheet1'!E9),FALSE,ISLOGICAL('#_Sheet1'!E9),FALSE,SUBSTITUTE(CELL("format",'#_Sheet1'!E9),"-","")=SUBSTITUTE(CELL("format",Sheet1!E9),"-",""),FALSE,CELL("format",'#_Sheet1'!E9)="G",FALSE,AND(CELL("format",'#_Sheet1'!E9)="F0",CELL("format",Sheet1!E9)="G"),FALSE,TRUE,IFERROR(IF(MATCH(CELL("format",'#_Sheet1'!E9),FormatCodesSFX!$A$4:$A$53,0)>0,TRUE),FALSE),TRUE,TRUE),"FormatMsg",TRUE,"PerfectMsg") | F9: =_xlfn.IFS(ISBLANK(Sheet1!F9),"",IF(NOT(ISNA('#_Sheet1'!F9)),IF(ISNA(Sheet1!F9),TRUE,FALSE),FALSE),"StuNAMsg",IF(AND(ISNA('#_Sheet1'!F9),ISNA(Sheet1!F9)),TRUE,FALSE),"PerfectMsg",IF(NOT(ISERROR('#_Sheet1'!F9)),IF(ISERROR(Sheet1!F9),TRUE,FALSE),FALSE),"StuErrorMsg",IF(TYPE('#_Sheet1'!F9)<>TYPE(Sheet1!F9),TRUE,FALSE),"WrongTypeMsg",IF(ISNUMBER('#_Sheet1'!F9),IF(ABS('#_Sheet1'!F9-Sheet1!F9)>0.00001,TRUE,FALSE),IF('#_Sheet1'!F9<>Sheet1!F9,TRUE,FALSE)),IF(ISNUMBER('#_Sheet1'!F9),IF('#_Sheet1'!F9>Sheet1!F9,"TooLow","TooHigh"),"WrongAnswer"),NOT(_xlfn.ISFORMULA('#_Sheet1'!F9)),IF(_xlfn.IFS(ISTEXT('#_Sheet1'!F9),FALSE,ISLOGICAL('#_Sheet1'!F9),FALSE,SUBSTITUTE(CELL("format",'#_Sheet1'!F9),"-","")=SUBSTITUTE(CELL("format",Sheet1!F9),"-",""),FALSE,CELL("format",'#_Sheet1'!F9)="G",FALSE,AND(CELL("format",'#_Sheet1'!F9)="F0",CELL("format",Sheet1!F9)="G"),FALSE,TRUE,IFERROR(IF(MATCH(CELL("format",'#_Sheet1'!F9),FormatCodesSFX!$A$4:$A$53,0)>0,TRUE),FALSE),TRUE,TRUE),"FormatMsg","PerfectMsg"),_xlfn.IFS(ISTEXT('#_Sheet1'!F9),FALSE,ISLOGICAL('#_Sheet1'!F9),FALSE,SUBSTITUTE(CELL("format",'#_Sheet1'!F9),"-","")=SUBSTITUTE(CELL("format",Sheet1!F9),"-",""),FALSE,CELL("format",'#_Sheet1'!F9)="G",FALSE,AND(CELL("format",'#_Sheet1'!F9)="F0",CELL("format",Sheet1!F9)="G"),FALSE,TRUE,IFERROR(IF(MATCH(CELL("format",'#_Sheet1'!F9),FormatCodesSFX!$A$4:$A$53,0)>0,TRUE),FALSE),TRUE,TRUE),"FormatMsg",TRUE,"PerfectMsg") | G9: =_xlfn.IFS(ISBLANK(Sheet1!G9),"",IF(NOT(ISNA('#_Sheet1'!G9)),IF(ISNA(Sheet1!G9),TRUE,FALSE),FALSE),"StuNAMsg",IF(AND(ISNA('#_Sheet1'!G9),ISNA(Sheet1!G9)),TRUE,FALSE),"PerfectMsg",IF(NOT(ISERROR('#_Sheet1'!G9)),IF(ISERROR(Sheet1!G9),TRUE,FALSE),FALSE),"StuErrorMsg",IF(TYPE('#_Sheet1'!G9)<>TYPE(Sheet1!G9),TRUE,FALSE),"WrongTypeMsg",IF(ISNUMBER('#_Sheet1'!G9),IF(ABS('#_Sheet1'!G9-Sheet1!G9)>0.00001,TRUE,FALSE),IF('#_Sheet1'!G9<>Sheet1!G9,TRUE,FALSE)),IF(ISNUMBER('#_Sheet1'!G9),IF('#_Sheet1'!G9>Sheet1!G9,"TooLow","TooHigh"),"WrongAnswer"),NOT(_xlfn.ISFORMULA('#_Sheet1'!G9)),IF(_xlfn.IFS(ISTEXT('#_Sheet1'!G9),FALSE,ISLOGICAL('#_Sheet1'!G9),FALSE,SUBSTITUTE(CELL("format",'#_Sheet1'!G9),"-","")=SUBSTITUTE(CELL("format",Sheet1!G9),"-",""),FALSE,CELL("format",'#_Sheet1'!G9)="G",FALSE,AND(CELL("format",'#_Sheet1'!G9)="F0",CELL("format",Sheet1!G9)="G"),FALSE,TRUE,IFERROR(IF(MATCH(CELL("format",'#_Sheet1'!G9),FormatCodesSFX!$A$4:$A$53,0)>0,TRUE),FALSE),TRUE,TRUE),"FormatMsg","PerfectMsg"),_xlfn.IFS(ISTEXT('#_Sheet1'!G9),FALSE,ISLOGICAL('#_Sheet1'!G9),FALSE,SUBSTITUTE(CELL("format",'#_Sheet1'!G9),"-","")=SUBSTITUTE(CELL("format",Sheet1!G9),"-",""),FALSE,CELL("format",'#_Sheet1'!G9)="G",FALSE,AND(CELL("format",'#_Sheet1'!G9)="F0",CELL("format",Sheet1!G9)="G"),FALSE,TRUE,IFERROR(IF(MATCH(CELL("format",'#_Sheet1'!G9),FormatCodesSFX!$A$4:$A$53,0)>0,TRUE),FALSE),TRUE,TRUE),"FormatMsg",TRUE,"PerfectMsg") | H9: =_xlfn.IFS(ISBLANK(Sheet1!H9),"",IF(NOT(ISNA('#_Sheet1'!H9)),IF(ISNA(Sheet1!H9),TRUE,FALSE),FALSE),"StuNAMsg",IF(AND(ISNA('#_Sheet1'!H9),ISNA(Sheet1!H9)),TRUE,FALSE),"PerfectMsg",IF(NOT(ISERROR('#_Sheet1'!H9)),IF(ISERROR(Sheet1!H9),TRUE,FALSE),FALSE),"StuErrorMsg",IF(TYPE('#_Sheet1'!H9)<>TYPE(Sheet1!H9),TRUE,FALSE),"WrongTypeMsg",IF(ISNUMBER('#_Sheet1'!H9),IF(ABS('#_Sheet1'!H9-Sheet1!H9)>0.00001,TRUE,FALSE),IF('#_Sheet1'!H9<>Sheet1!H9,TRUE,FALSE)),IF(ISNUMBER('#_Sheet1'!H9),IF('#_Sheet1'!H9>Sheet1!H9,"TooLow","TooHigh"),"WrongAnswer"),NOT(_xlfn.ISFORMULA('#_Sheet1'!H9)),IF(_xlfn.IFS(ISTEXT('#_Sheet1'!H9),FALSE,ISLOGICAL('#_Sheet1'!H9),FALSE,SUBSTITUTE(CELL("format",'#_Sheet1'!H9),"-","")=SUBSTITUTE(CELL("format",Sheet1!H9),"-",""),FALSE,CELL("format",'#_Sheet1'!H9)="G",FALSE,AND(CELL("format",'#_Sheet1'!H9)="F0",CELL("format",Sheet1!H9)="G"),FALSE,TRUE,IFERROR(IF(MATCH(CELL("format",'#_Sheet1'!H9),FormatCodesSFX!$A$4:$A$53,0)>0,TRUE),FALSE),TRUE,TRUE),"FormatMsg","PerfectMsg"),_xlfn.IFS(ISTEXT('#_Sheet1'!H9),FALSE,ISLOGICAL('#_Sheet1'!H9),FALSE,SUBSTITUTE(CELL("format",'#_Sheet1'!H9),"-","")=SUBSTITUTE(CELL("format",Sheet1!H9),"-",""),FALSE,CELL("format",'#_Sheet1'!H9)="G",FALSE,AND(CELL("format",'#_Sheet1'!H9)="F0",CELL("format",Sheet1!H9)="G"),FALSE,TRUE,IFERROR(IF(MATCH(CELL("format",'#_Sheet1'!H9),FormatCodesSFX!$A$4:$A$53,0)>0,TRUE),FALSE),TRUE,TRUE),"FormatMsg",TRUE,"PerfectMsg")
A10: =_xlfn.IFS(ISBLANK(Sheet1!A10),"",IF(NOT(ISNA('#_Sheet1'!A10)),IF(ISNA(Sheet1!A10),TRUE,FALSE),FALSE),"StuNAMsg",IF(AND(ISNA('#_Sheet1'!A10),ISNA(Sheet1!A10)),TRUE,FALSE),"PerfectMsg",IF(NOT(ISERROR('#_Sheet1'!A10)),IF(ISERROR(Sheet1!A10),TRUE,FALSE),FALSE),"StuErrorMsg",IF(TYPE('#_Sheet1'!A10)<>TYPE(Sheet1!A10),TRUE,FALSE),"WrongTypeMsg",IF(ISNUMBER('#_Sheet1'!A10),IF(ABS('#_Sheet1'!A10-Sheet1!A10)>0.00001,TRUE,FALSE),IF('#_Sheet1'!A10<>Sheet1!A10,TRUE,FALSE)),IF(ISNUMBER('#_Sheet1'!A10),IF('#_Sheet1'!A10>Sheet1!A10,"TooLow","TooHigh"),"WrongAnswer"),NOT(_xlfn.ISFORMULA('#_Sheet1'!A10)),IF(_xlfn.IFS(ISTEXT('#_Sheet1'!A10),FALSE,ISLOGICAL('#_Sheet1'!A10),FALSE,SUBSTITUTE(CELL("format",'#_Sheet1'!A10),"-","")=SUBSTITUTE(CELL("format",Sheet1!A10),"-",""),FALSE,CELL("format",'#_Sheet1'!A10)="G",FALSE,AND(CELL("format",'#_Sheet1'!A10)="F0",CELL("format",Sheet1!A10)="G"),FALSE,TRUE,IFERROR(IF(MATCH(CELL("format",'#_Sheet1'!A10),FormatCodesSFX!$A$4:$A$53,0)>0,TRUE),FALSE),TRUE,TRUE),"FormatMsg","PerfectMsg"),_xlfn.IFS(ISTEXT('#_Sheet1'!A10),FALSE,ISLOGICAL('#_Sheet1'!A10),FALSE,SUBSTITUTE(CELL("format",'#_Sheet1'!A10),"-","")=SUBSTITUTE(CELL("format",Sheet1!A10),"-",""),FALSE,CELL("format",'#_Sheet1'!A10)="G",FALSE,AND(CELL("format",'#_Sheet1'!A10)="F0",CELL("format",Sheet1!A10)="G"),FALSE,TRUE,IFERROR(IF(MATCH(CELL("format",'#_Sheet1'!A10),FormatCodesSFX!$A$4:$A$53,0)>0,TRUE),FALSE),TRUE,TRUE),"FormatMsg",TRUE,"PerfectMsg") | B10: =_xlfn.IFS(ISBLANK(Sheet1!B10),"",IF(NOT(ISNA('#_Sheet1'!B10)),IF(ISNA(Sheet1!B10),TRUE,FALSE),FALSE),"StuNAMsg",IF(AND(ISNA('#_Sheet1'!B10),ISNA(Sheet1!B10)),TRUE,FALSE),"PerfectMsg",IF(NOT(ISERROR('#_Sheet1'!B10)),IF(ISERROR(Sheet1!B10),TRUE,FALSE),FALSE),"StuErrorMsg",IF(TYPE('#_Sheet1'!B10)<>TYPE(Sheet1!B10),TRUE,FALSE),"WrongTypeMsg",IF(ISNUMBER('#_Sheet1'!B10),IF(ABS('#_Sheet1'!B10-Sheet1!B10)>0.00001,TRUE,FALSE),IF('#_Sheet1'!B10<>Sheet1!B10,TRUE,FALSE)),IF(ISNUMBER('#_Sheet1'!B10),IF('#_Sheet1'!B10>Sheet1!B10,"TooLow","TooHigh"),"WrongAnswer"),NOT(_xlfn.ISFORMULA('#_Sheet1'!B10)),IF(_xlfn.IFS(ISTEXT('#_Sheet1'!B10),FALSE,ISLOGICAL('#_Sheet1'!B10),FALSE,SUBSTITUTE(CELL("format",'#_Sheet1'!B10),"-","")=SUBSTITUTE(CELL("format",Sheet1!B10),"-",""),FALSE,CELL("format",'#_Sheet1'!B10)="G",FALSE,AND(CELL("format",'#_Sheet1'!B10)="F0",CELL("format",Sheet1!B10)="G"),FALSE,TRUE,IFERROR(IF(MATCH(CELL("format",'#_Sheet1'!B10),FormatCodesSFX!$A$4:$A$53,0)>0,TRUE),FALSE),TRUE,TRUE),"FormatMsg","PerfectMsg"),_xlfn.IFS(ISTEXT('#_Sheet1'!B10),FALSE,ISLOGICAL('#_Sheet1'!B10),FALSE,SUBSTITUTE(CELL("format",'#_Sheet1'!B10),"-","")=SUBSTITUTE(CELL("format",Sheet1!B10),"-",""),FALSE,CELL("format",'#_Sheet1'!B10)="G",FALSE,AND(CELL("format",'#_Sheet1'!B10)="F0",CELL("format",Sheet1!B10)="G"),FALSE,TRUE,IFERROR(IF(MATCH(CELL("format",'#_Sheet1'!B10),FormatCodesSFX!$A$4:$A$53,0)>0,TRUE),FALSE),TRUE,TRUE),"FormatMsg",TRUE,"PerfectMsg") | C10: =_xlfn.IFS(ISBLANK(Sheet1!C10),"",IF(NOT(ISNA('#_Sheet1'!C10)),IF(ISNA(Sheet1!C10),TRUE,FALSE),FALSE),"StuNAMsg",IF(AND(ISNA('#_Sheet1'!C10),ISNA(Sheet1!C10)),TRUE,FALSE),"PerfectMsg",IF(NOT(ISERROR('#_Sheet1'!C10)),IF(ISERROR(Sheet1!C10),TRUE,FALSE),FALSE),"StuErrorMsg",IF(TYPE('#_Sheet1'!C10)<>TYPE(Sheet1!C10),TRUE,FALSE),"WrongTypeMsg",IF(ISNUMBER('#_Sheet1'!C10),IF(ABS('#_Sheet1'!C10-Sheet1!C10)>0.00001,TRUE,FALSE),IF('#_Sheet1'!C10<>Sheet1!C10,TRUE,FALSE)),IF(ISNUMBER('#_Sheet1'!C10),IF('#_Sheet1'!C10>Sheet1!C10,"TooLow","TooHigh"),"WrongAnswer"),NOT(_xlfn.ISFORMULA('#_Sheet1'!C10)),IF(_xlfn.IFS(ISTEXT('#_Sheet1'!C10),FALSE,ISLOGICAL('#_Sheet1'!C10),FALSE,SUBSTITUTE(CELL("format",'#_Sheet1'!C10),"-","")=SUBSTITUTE(CELL("format",Sheet1!C10),"-",""),FALSE,CELL("format",'#_Sheet1'!C10)="G",FALSE,AND(CELL("format",'#_Sheet1'!C10)="F0",CELL("format",Sheet1!C10)="G"),FALSE,TRUE,IFERROR(IF(MATCH(CELL("format",'#_Sheet1'!C10),FormatCodesSFX!$A$4:$A$53,0)>0,TRUE),FALSE),TRUE,TRUE),"FormatMsg","PerfectMsg"),_xlfn.IFS(ISTEXT('#_Sheet1'!C10),FALSE,ISLOGICAL('#_Sheet1'!C10),FALSE,SUBSTITUTE(CELL("format",'#_Sheet1'!C10),"-","")=SUBSTITUTE(CELL("format",Sheet1!C10),"-",""),FALSE,CELL("format",'#_Sheet1'!C10)="G",FALSE,AND(CELL("format",'#_Sheet1'!C10)="F0",CELL("format",Sheet1!C10)="G"),FALSE,TRUE,IFERROR(IF(MATCH(CELL("format",'#_Sheet1'!C10),FormatCodesSFX!$A$4:$A$53,0)>0,TRUE),FALSE),TRUE,TRUE),"FormatMsg",TRUE,"PerfectMsg") | D10: =_xlfn.IFS(ISBLANK(Sheet1!D10),"",IF(NOT(ISNA('#_Sheet1'!D10)),IF(ISNA(Sheet1!D10),TRUE,FALSE),FALSE),"StuNAMsg",IF(AND(ISNA('#_Sheet1'!D10),ISNA(Sheet1!D10)),TRUE,FALSE),"PerfectMsg",IF(NOT(ISERROR('#_Sheet1'!D10)),IF(ISERROR(Sheet1!D10),TRUE,FALSE),FALSE),"StuErrorMsg",IF(TYPE('#_Sheet1'!D10)<>TYPE(Sheet1!D10),TRUE,FALSE),"WrongTypeMsg",IF(ISNUMBER('#_Sheet1'!D10),IF(ABS('#_Sheet1'!D10-Sheet1!D10)>0.00001,TRUE,FALSE),IF('#_Sheet1'!D10<>Sheet1!D10,TRUE,FALSE)),IF(ISNUMBER('#_Sheet1'!D10),IF('#_Sheet1'!D10>Sheet1!D10,"TooLow","TooHigh"),"WrongAnswer"),NOT(_xlfn.ISFORMULA('#_Sheet1'!D10)),IF(_xlfn.IFS(ISTEXT('#_Sheet1'!D10),FALSE,ISLOGICAL('#_Sheet1'!D10),FALSE,SUBSTITUTE(CELL("format",'#_Sheet1'!D10),"-","")=SUBSTITUTE(CELL("format",Sheet1!D10),"-",""),FALSE,CELL("format",'#_Sheet1'!D10)="G",FALSE,AND(CELL("format",'#_Sheet1'!D10)="F0",CELL("format",Sheet1!D10)="G"),FALSE,TRUE,IFERROR(IF(MATCH(CELL("format",'#_Sheet1'!D10),FormatCodesSFX!$A$4:$A$53,0)>0,TRUE),FALSE),TRUE,TRUE),"FormatMsg","PerfectMsg"),_xlfn.IFS(ISTEXT('#_Sheet1'!D10),FALSE,ISLOGICAL('#_Sheet1'!D10),FALSE,SUBSTITUTE(CELL("format",'#_Sheet1'!D10),"-","")=SUBSTITUTE(CELL("format",Sheet1!D10),"-",""),FALSE,CELL("format",'#_Sheet1'!D10)="G",FALSE,AND(CELL("format",'#_Sheet1'!D10)="F0",CELL("format",Sheet1!D10)="G"),FALSE,TRUE,IFERROR(IF(MATCH(CELL("format",'#_Sheet1'!D10),FormatCodesSFX!$A$4:$A$53,0)>0,TRUE),FALSE),TRUE,TRUE),"FormatMsg",TRUE,"PerfectMsg") | E10: =_xlfn.IFS(ISBLANK(Sheet1!E10),"",IF(NOT(ISNA('#_Sheet1'!E10)),IF(ISNA(Sheet1!E10),TRUE,FALSE),FALSE),"StuNAMsg",IF(AND(ISNA('#_Sheet1'!E10),ISNA(Sheet1!E10)),TRUE,FALSE),"PerfectMsg",IF(NOT(ISERROR('#_Sheet1'!E10)),IF(ISERROR(Sheet1!E10),TRUE,FALSE),FALSE),"StuErrorMsg",IF(TYPE('#_Sheet1'!E10)<>TYPE(Sheet1!E10),TRUE,FALSE),"WrongTypeMsg",IF(ISNUMBER('#_Sheet1'!E10),IF(ABS('#_Sheet1'!E10-Sheet1!E10)>0.00001,TRUE,FALSE),IF('#_Sheet1'!E10<>Sheet1!E10,TRUE,FALSE)),IF(ISNUMBER('#_Sheet1'!E10),IF('#_Sheet1'!E10>Sheet1!E10,"TooLow","TooHigh"),"WrongAnswer"),NOT(_xlfn.ISFORMULA('#_Sheet1'!E10)),IF(_xlfn.IFS(ISTEXT('#_Sheet1'!E10),FALSE,ISLOGICAL('#_Sheet1'!E10),FALSE,SUBSTITUTE(CELL("format",'#_Sheet1'!E10),"-","")=SUBSTITUTE(CELL("format",Sheet1!E10),"-",""),FALSE,CELL("format",'#_Sheet1'!E10)="G",FALSE,AND(CELL("format",'#_Sheet1'!E10)="F0",CELL("format",Sheet1!E10)="G"),FALSE,TRUE,IFERROR(IF(MATCH(CELL("format",'#_Sheet1'!E10),FormatCodesSFX!$A$4:$A$53,0)>0,TRUE),FALSE),TRUE,TRUE),"FormatMsg","PerfectMsg"),_xlfn.IFS(ISTEXT('#_Sheet1'!E10),FALSE,ISLOGICAL('#_Sheet1'!E10),FALSE,SUBSTITUTE(CELL("format",'#_Sheet1'!E10),"-","")=SUBSTITUTE(CELL("format",Sheet1!E10),"-",""),FALSE,CELL("format",'#_Sheet1'!E10)="G",FALSE,AND(CELL("format",'#_Sheet1'!E10)="F0",CELL("format",Sheet1!E10)="G"),FALSE,TRUE,IFERROR(IF(MATCH(CELL("format",'#_Sheet1'!E10),FormatCodesSFX!$A$4:$A$53,0)>0,TRUE),FALSE),TRUE,TRUE),"FormatMsg",TRUE,"PerfectMsg") | F10: =_xlfn.IFS(ISBLANK(Sheet1!F10),"",IF(NOT(ISNA('#_Sheet1'!F10)),IF(ISNA(Sheet1!F10),TRUE,FALSE),FALSE),"StuNAMsg",IF(AND(ISNA('#_Sheet1'!F10),ISNA(Sheet1!F10)),TRUE,FALSE),"PerfectMsg",IF(NOT(ISERROR('#_Sheet1'!F10)),IF(ISERROR(Sheet1!F10),TRUE,FALSE),FALSE),"StuErrorMsg",IF(TYPE('#_Sheet1'!F10)<>TYPE(Sheet1!F10),TRUE,FALSE),"WrongTypeMsg",IF(ISNUMBER('#_Sheet1'!F10),IF(ABS('#_Sheet1'!F10-Sheet1!F10)>0.00001,TRUE,FALSE),IF('#_Sheet1'!F10<>Sheet1!F10,TRUE,FALSE)),IF(ISNUMBER('#_Sheet1'!F10),IF('#_Sheet1'!F10>Sheet1!F10,"TooLow","TooHigh"),"WrongAnswer"),NOT(_xlfn.ISFORMULA('#_Sheet1'!F10)),IF(_xlfn.IFS(ISTEXT('#_Sheet1'!F10),FALSE,ISLOGICAL('#_Sheet1'!F10),FALSE,SUBSTITUTE(CELL("format",'#_Sheet1'!F10),"-","")=SUBSTITUTE(CELL("format",Sheet1!F10),"-",""),FALSE,CELL("format",'#_Sheet1'!F10)="G",FALSE,AND(CELL("format",'#_Sheet1'!F10)="F0",CELL("format",Sheet1!F10)="G"),FALSE,TRUE,IFERROR(IF(MATCH(CELL("format",'#_Sheet1'!F10),FormatCodesSFX!$A$4:$A$53,0)>0,TRUE),FALSE),TRUE,TRUE),"FormatMsg","PerfectMsg"),_xlfn.IFS(ISTEXT('#_Sheet1'!F10),FALSE,ISLOGICAL('#_Sheet1'!F10),FALSE,SUBSTITUTE(CELL("format",'#_Sheet1'!F10),"-","")=SUBSTITUTE(CELL("format",Sheet1!F10),"-",""),FALSE,CELL("format",'#_Sheet1'!F10)="G",FALSE,AND(CELL("format",'#_Sheet1'!F10)="F0",CELL("format",Sheet1!F10)="G"),FALSE,TRUE,IFERROR(IF(MATCH(CELL("format",'#_Sheet1'!F10),FormatCodesSFX!$A$4:$A$53,0)>0,TRUE),FALSE),TRUE,TRUE),"FormatMsg",TRUE,"PerfectMsg") | G10: =_xlfn.IFS(ISBLANK(Sheet1!G10),"",IF(NOT(ISNA('#_Sheet1'!G10)),IF(ISNA(Sheet1!G10),TRUE,FALSE),FALSE),"StuNAMsg",IF(AND(ISNA('#_Sheet1'!G10),ISNA(Sheet1!G10)),TRUE,FALSE),"PerfectMsg",IF(NOT(ISERROR('#_Sheet1'!G10)),IF(ISERROR(Sheet1!G10),TRUE,FALSE),FALSE),"StuErrorMsg",IF(TYPE('#_Sheet1'!G10)<>TYPE(Sheet1!G10),TRUE,FALSE),"WrongTypeMsg",IF(ISNUMBER('#_Sheet1'!G10),IF(ABS('#_Sheet1'!G10-Sheet1!G10)>0.00001,TRUE,FALSE),IF('#_Sheet1'!G10<>Sheet1!G10,TRUE,FALSE)),IF(ISNUMBER('#_Sheet1'!G10),IF('#_Sheet1'!G10>Sheet1!G10,"TooLow","TooHigh"),"WrongAnswer"),NOT(_xlfn.ISFORMULA('#_Sheet1'!G10)),IF(_xlfn.IFS(ISTEXT('#_Sheet1'!G10),FALSE,ISLOGICAL('#_Sheet1'!G10),FALSE,SUBSTITUTE(CELL("format",'#_Sheet1'!G10),"-","")=SUBSTITUTE(CELL("format",Sheet1!G10),"-",""),FALSE,CELL("format",'#_Sheet1'!G10)="G",FALSE,AND(CELL("format",'#_Sheet1'!G10)="F0",CELL("format",Sheet1!G10)="G"),FALSE,TRUE,IFERROR(IF(MATCH(CELL("format",'#_Sheet1'!G10),FormatCodesSFX!$A$4:$A$53,0)>0,TRUE),FALSE),TRUE,TRUE),"FormatMsg","PerfectMsg"),_xlfn.IFS(ISTEXT('#_Sheet1'!G10),FALSE,ISLOGICAL('#_Sheet1'!G10),FALSE,SUBSTITUTE(CELL("format",'#_Sheet1'!G10),"-","")=SUBSTITUTE(CELL("format",Sheet1!G10),"-",""),FALSE,CELL("format",'#_Sheet1'!G10)="G",FALSE,AND(CELL("format",'#_Sheet1'!G10)="F0",CELL("format",Sheet1!G10)="G"),FALSE,TRUE,IFERROR(IF(MATCH(CELL("format",'#_Sheet1'!G10),FormatCodesSFX!$A$4:$A$53,0)>0,TRUE),FALSE),TRUE,TRUE),"FormatMsg",TRUE,"PerfectMsg") | H10: =_xlfn.IFS(ISBLANK(Sheet1!H10),"",IF(NOT(ISNA('#_Sheet1'!H10)),IF(ISNA(Sheet1!H10),TRUE,FALSE),FALSE),"StuNAMsg",IF(AND(ISNA('#_Sheet1'!H10),ISNA(Sheet1!H10)),TRUE,FALSE),"PerfectMsg",IF(NOT(ISERROR('#_Sheet1'!H10)),IF(ISERROR(Sheet1!H10),TRUE,FALSE),FALSE),"StuErrorMsg",IF(TYPE('#_Sheet1'!H10)<>TYPE(Sheet1!H10),TRUE,FALSE),"WrongTypeMsg",IF(ISNUMBER('#_Sheet1'!H10),IF(ABS('#_Sheet1'!H10-Sheet1!H10)>0.00001,TRUE,FALSE),IF('#_Sheet1'!H10<>Sheet1!H10,TRUE,FALSE)),IF(ISNUMBER('#_Sheet1'!H10),IF('#_Sheet1'!H10>Sheet1!H10,"TooLow","TooHigh"),"WrongAnswer"),NOT(_xlfn.ISFORMULA('#_Sheet1'!H10)),IF(_xlfn.IFS(ISTEXT('#_Sheet1'!H10),FALSE,ISLOGICAL('#_Sheet1'!H10),FALSE,SUBSTITUTE(CELL("format",'#_Sheet1'!H10),"-","")=SUBSTITUTE(CELL("format",Sheet1!H10),"-",""),FALSE,CELL("format",'#_Sheet1'!H10)="G",FALSE,AND(CELL("format",'#_Sheet1'!H10)="F0",CELL("format",Sheet1!H10)="G"),FALSE,TRUE,IFERROR(IF(MATCH(CELL("format",'#_Sheet1'!H10),FormatCodesSFX!$A$4:$A$53,0)>0,TRUE),FALSE),TRUE,TRUE),"FormatMsg","PerfectMsg"),_xlfn.IFS(ISTEXT('#_Sheet1'!H10),FALSE,ISLOGICAL('#_Sheet1'!H10),FALSE,SUBSTITUTE(CELL("format",'#_Sheet1'!H10),"-","")=SUBSTITUTE(CELL("format",Sheet1!H10),"-",""),FALSE,CELL("format",'#_Sheet1'!H10)="G",FALSE,AND(CELL("format",'#_Sheet1'!H10)="F0",CELL("format",Sheet1!H10)="G"),FALSE,TRUE,IFERROR(IF(MATCH(CELL("format",'#_Sheet1'!H10),FormatCodesSFX!$A$4:$A$53,0)>0,TRUE),FALSE),TRUE,TRUE),"FormatMsg",TRUE,"PerfectMsg")
A11: =_xlfn.IFS(ISBLANK(Sheet1!A11),"",IF(NOT(ISNA('#_Sheet1'!A11)),IF(ISNA(Sheet1!A11),TRUE,FALSE),FALSE),"StuNAMsg",IF(AND(ISNA('#_Sheet1'!A11),ISNA(Sheet1!A11)),TRUE,FALSE),"PerfectMsg",IF(NOT(ISERROR('#_Sheet1'!A11)),IF(ISERROR(Sheet1!A11),TRUE,FALSE),FALSE),"StuErrorMsg",IF(TYPE('#_Sheet1'!A11)<>TYPE(Sheet1!A11),TRUE,FALSE),"WrongTypeMsg",IF(ISNUMBER('#_Sheet1'!A11),IF(ABS('#_Sheet1'!A11-Sheet1!A11)>0.00001,TRUE,FALSE),IF('#_Sheet1'!A11<>Sheet1!A11,TRUE,FALSE)),IF(ISNUMBER('#_Sheet1'!A11),IF('#_Sheet1'!A11>Sheet1!A11,"TooLow","TooHigh"),"WrongAnswer"),NOT(_xlfn.ISFORMULA('#_Sheet1'!A11)),IF(_xlfn.IFS(ISTEXT('#_Sheet1'!A11),FALSE,ISLOGICAL('#_Sheet1'!A11),FALSE,SUBSTITUTE(CELL("format",'#_Sheet1'!A11),"-","")=SUBSTITUTE(CELL("format",Sheet1!A11),"-",""),FALSE,CELL("format",'#_Sheet1'!A11)="G",FALSE,AND(CELL("format",'#_Sheet1'!A11)="F0",CELL("format",Sheet1!A11)="G"),FALSE,TRUE,IFERROR(IF(MATCH(CELL("format",'#_Sheet1'!A11),FormatCodesSFX!$A$4:$A$53,0)>0,TRUE),FALSE),TRUE,TRUE),"FormatMsg","PerfectMsg"),_xlfn.IFS(ISTEXT('#_Sheet1'!A11),FALSE,ISLOGICAL('#_Sheet1'!A11),FALSE,SUBSTITUTE(CELL("format",'#_Sheet1'!A11),"-","")=SUBSTITUTE(CELL("format",Sheet1!A11),"-",""),FALSE,CELL("format",'#_Sheet1'!A11)="G",FALSE,AND(CELL("format",'#_Sheet1'!A11)="F0",CELL("format",Sheet1!A11)="G"),FALSE,TRUE,IFERROR(IF(MATCH(CELL("format",'#_Sheet1'!A11),FormatCodesSFX!$A$4:$A$53,0)>0,TRUE),FALSE),TRUE,TRUE),"FormatMsg",TRUE,"PerfectMsg") | B11: =_xlfn.IFS(ISBLANK(Sheet1!B11),"",IF(NOT(ISNA('#_Sheet1'!B11)),IF(ISNA(Sheet1!B11),TRUE,FALSE),FALSE),"StuNAMsg",IF(AND(ISNA('#_Sheet1'!B11),ISNA(Sheet1!B11)),TRUE,FALSE),"PerfectMsg",IF(NOT(ISERROR('#_Sheet1'!B11)),IF(ISERROR(Sheet1!B11),TRUE,FALSE),FALSE),"StuErrorMsg",IF(TYPE('#_Sheet1'!B11)<>TYPE(Sheet1!B11),TRUE,FALSE),"WrongTypeMsg",IF(ISNUMBER('#_Sheet1'!B11),IF(ABS('#_Sheet1'!B11-Sheet1!B11)>0.00001,TRUE,FALSE),IF('#_Sheet1'!B11<>Sheet1!B11,TRUE,FALSE)),IF(ISNUMBER('#_Sheet1'!B11),IF('#_Sheet1'!B11>Sheet1!B11,"TooLow","TooHigh"),"WrongAnswer"),NOT(_xlfn.ISFORMULA('#_Sheet1'!B11)),IF(_xlfn.IFS(ISTEXT('#_Sheet1'!B11),FALSE,ISLOGICAL('#_Sheet1'!B11),FALSE,SUBSTITUTE(CELL("format",'#_Sheet1'!B11),"-","")=SUBSTITUTE(CELL("format",Sheet1!B11),"-",""),FALSE,CELL("format",'#_Sheet1'!B11)="G",FALSE,AND(CELL("format",'#_Sheet1'!B11)="F0",CELL("format",Sheet1!B11)="G"),FALSE,TRUE,IFERROR(IF(MATCH(CELL("format",'#_Sheet1'!B11),FormatCodesSFX!$A$4:$A$53,0)>0,TRUE),FALSE),TRUE,TRUE),"FormatMsg","PerfectMsg"),_xlfn.IFS(ISTEXT('#_Sheet1'!B11),FALSE,ISLOGICAL('#_Sheet1'!B11),FALSE,SUBSTITUTE(CELL("format",'#_Sheet1'!B11),"-","")=SUBSTITUTE(CELL("format",Sheet1!B11),"-",""),FALSE,CELL("format",'#_Sheet1'!B11)="G",FALSE,AND(CELL("format",'#_Sheet1'!B11)="F0",CELL("format",Sheet1!B11)="G"),FALSE,TRUE,IFERROR(IF(MATCH(CELL("format",'#_Sheet1'!B11),FormatCodesSFX!$A$4:$A$53,0)>0,TRUE),FALSE),TRUE,TRUE),"FormatMsg",TRUE,"PerfectMsg") | C11: =_xlfn.IFS(ISBLANK(Sheet1!C11),"",IF(NOT(ISNA('#_Sheet1'!C11)),IF(ISNA(Sheet1!C11),TRUE,FALSE),FALSE),"StuNAMsg",IF(AND(ISNA('#_Sheet1'!C11),ISNA(Sheet1!C11)),TRUE,FALSE),"PerfectMsg",IF(NOT(ISERROR('#_Sheet1'!C11)),IF(ISERROR(Sheet1!C11),TRUE,FALSE),FALSE),"StuErrorMsg",IF(TYPE('#_Sheet1'!C11)<>TYPE(Sheet1!C11),TRUE,FALSE),"WrongTypeMsg",IF(ISNUMBER('#_Sheet1'!C11),IF(ABS('#_Sheet1'!C11-Sheet1!C11)>0.00001,TRUE,FALSE),IF('#_Sheet1'!C11<>Sheet1!C11,TRUE,FALSE)),IF(ISNUMBER('#_Sheet1'!C11),IF('#_Sheet1'!C11>Sheet1!C11,"TooLow","TooHigh"),"WrongAnswer"),NOT(_xlfn.ISFORMULA('#_Sheet1'!C11)),IF(_xlfn.IFS(ISTEXT('#_Sheet1'!C11),FALSE,ISLOGICAL('#_Sheet1'!C11),FALSE,SUBSTITUTE(CELL("format",'#_Sheet1'!C11),"-","")=SUBSTITUTE(CELL("format",Sheet1!C11),"-",""),FALSE,CELL("format",'#_Sheet1'!C11)="G",FALSE,AND(CELL("format",'#_Sheet1'!C11)="F0",CELL("format",Sheet1!C11)="G"),FALSE,TRUE,IFERROR(IF(MATCH(CELL("format",'#_Sheet1'!C11),FormatCodesSFX!$A$4:$A$53,0)>0,TRUE),FALSE),TRUE,TRUE),"FormatMsg","PerfectMsg"),_xlfn.IFS(ISTEXT('#_Sheet1'!C11),FALSE,ISLOGICAL('#_Sheet1'!C11),FALSE,SUBSTITUTE(CELL("format",'#_Sheet1'!C11),"-","")=SUBSTITUTE(CELL("format",Sheet1!C11),"-",""),FALSE,CELL("format",'#_Sheet1'!C11)="G",FALSE,AND(CELL("format",'#_Sheet1'!C11)="F0",CELL("format",Sheet1!C11)="G"),FALSE,TRUE,IFERROR(IF(MATCH(CELL("format",'#_Sheet1'!C11),FormatCodesSFX!$A$4:$A$53,0)>0,TRUE),FALSE),TRUE,TRUE),"FormatMsg",TRUE,"PerfectMsg") | D11: =_xlfn.IFS(ISBLANK(Sheet1!D11),"",IF(NOT(ISNA('#_Sheet1'!D11)),IF(ISNA(Sheet1!D11),TRUE,FALSE),FALSE),"StuNAMsg",IF(AND(ISNA('#_Sheet1'!D11),ISNA(Sheet1!D11)),TRUE,FALSE),"PerfectMsg",IF(NOT(ISERROR('#_Sheet1'!D11)),IF(ISERROR(Sheet1!D11),TRUE,FALSE),FALSE),"StuErrorMsg",IF(TYPE('#_Sheet1'!D11)<>TYPE(Sheet1!D11),TRUE,FALSE),"WrongTypeMsg",IF(ISNUMBER('#_Sheet1'!D11),IF(ABS('#_Sheet1'!D11-Sheet1!D11)>0.00001,TRUE,FALSE),IF('#_Sheet1'!D11<>Sheet1!D11,TRUE,FALSE)),IF(ISNUMBER('#_Sheet1'!D11),IF('#_Sheet1'!D11>Sheet1!D11,"TooLow","TooHigh"),"WrongAnswer"),NOT(_xlfn.ISFORMULA('#_Sheet1'!D11)),IF(_xlfn.IFS(ISTEXT('#_Sheet1'!D11),FALSE,ISLOGICAL('#_Sheet1'!D11),FALSE,SUBSTITUTE(CELL("format",'#_Sheet1'!D11),"-","")=SUBSTITUTE(CELL("format",Sheet1!D11),"-",""),FALSE,CELL("format",'#_Sheet1'!D11)="G",FALSE,AND(CELL("format",'#_Sheet1'!D11)="F0",CELL("format",Sheet1!D11)="G"),FALSE,TRUE,IFERROR(IF(MATCH(CELL("format",'#_Sheet1'!D11),FormatCodesSFX!$A$4:$A$53,0)>0,TRUE),FALSE),TRUE,TRUE),"FormatMsg","PerfectMsg"),_xlfn.IFS(ISTEXT('#_Sheet1'!D11),FALSE,ISLOGICAL('#_Sheet1'!D11),FALSE,SUBSTITUTE(CELL("format",'#_Sheet1'!D11),"-","")=SUBSTITUTE(CELL("format",Sheet1!D11),"-",""),FALSE,CELL("format",'#_Sheet1'!D11)="G",FALSE,AND(CELL("format",'#_Sheet1'!D11)="F0",CELL("format",Sheet1!D11)="G"),FALSE,TRUE,IFERROR(IF(MATCH(CELL("format",'#_Sheet1'!D11),FormatCodesSFX!$A$4:$A$53,0)>0,TRUE),FALSE),TRUE,TRUE),"FormatMsg",TRUE,"PerfectMsg") | E11: =_xlfn.IFS(ISBLANK(Sheet1!E11),"",IF(NOT(ISNA('#_Sheet1'!E11)),IF(ISNA(Sheet1!E11),TRUE,FALSE),FALSE),"StuNAMsg",IF(AND(ISNA('#_Sheet1'!E11),ISNA(Sheet1!E11)),TRUE,FALSE),"PerfectMsg",IF(NOT(ISERROR('#_Sheet1'!E11)),IF(ISERROR(Sheet1!E11),TRUE,FALSE),FALSE),"StuErrorMsg",IF(TYPE('#_Sheet1'!E11)<>TYPE(Sheet1!E11),TRUE,FALSE),"WrongTypeMsg",IF(ISNUMBER('#_Sheet1'!E11),IF(ABS('#_Sheet1'!E11-Sheet1!E11)>0.00001,TRUE,FALSE),IF('#_Sheet1'!E11<>Sheet1!E11,TRUE,FALSE)),IF(ISNUMBER('#_Sheet1'!E11),IF('#_Sheet1'!E11>Sheet1!E11,"TooLow","TooHigh"),"WrongAnswer"),NOT(_xlfn.ISFORMULA('#_Sheet1'!E11)),IF(_xlfn.IFS(ISTEXT('#_Sheet1'!E11),FALSE,ISLOGICAL('#_Sheet1'!E11),FALSE,SUBSTITUTE(CELL("format",'#_Sheet1'!E11),"-","")=SUBSTITUTE(CELL("format",Sheet1!E11),"-",""),FALSE,CELL("format",'#_Sheet1'!E11)="G",FALSE,AND(CELL("format",'#_Sheet1'!E11)="F0",CELL("format",Sheet1!E11)="G"),FALSE,TRUE,IFERROR(IF(MATCH(CELL("format",'#_Sheet1'!E11),FormatCodesSFX!$A$4:$A$53,0)>0,TRUE),FALSE),TRUE,TRUE),"FormatMsg","PerfectMsg"),_xlfn.IFS(ISTEXT('#_Sheet1'!E11),FALSE,ISLOGICAL('#_Sheet1'!E11),FALSE,SUBSTITUTE(CELL("format",'#_Sheet1'!E11),"-","")=SUBSTITUTE(CELL("format",Sheet1!E11),"-",""),FALSE,CELL("format",'#_Sheet1'!E11)="G",FALSE,AND(CELL("format",'#_Sheet1'!E11)="F0",CELL("format",Sheet1!E11)="G"),FALSE,TRUE,IFERROR(IF(MATCH(CELL("format",'#_Sheet1'!E11),FormatCodesSFX!$A$4:$A$53,0)>0,TRUE),FALSE),TRUE,TRUE),"FormatMsg",TRUE,"PerfectMsg") | F11: =_xlfn.IFS(ISBLANK(Sheet1!F11),"",IF(NOT(ISNA('#_Sheet1'!F11)),IF(ISNA(Sheet1!F11),TRUE,FALSE),FALSE),"StuNAMsg",IF(AND(ISNA('#_Sheet1'!F11),ISNA(Sheet1!F11)),TRUE,FALSE),"PerfectMsg",IF(NOT(ISERROR('#_Sheet1'!F11)),IF(ISERROR(Sheet1!F11),TRUE,FALSE),FALSE),"StuErrorMsg",IF(TYPE('#_Sheet1'!F11)<>TYPE(Sheet1!F11),TRUE,FALSE),"WrongTypeMsg",IF(ISNUMBER('#_Sheet1'!F11),IF(ABS('#_Sheet1'!F11-Sheet1!F11)>0.00001,TRUE,FALSE),IF('#_Sheet1'!F11<>Sheet1!F11,TRUE,FALSE)),IF(ISNUMBER('#_Sheet1'!F11),IF('#_Sheet1'!F11>Sheet1!F11,"TooLow","TooHigh"),"WrongAnswer"),NOT(_xlfn.ISFORMULA('#_Sheet1'!F11)),IF(_xlfn.IFS(ISTEXT('#_Sheet1'!F11),FALSE,ISLOGICAL('#_Sheet1'!F11),FALSE,SUBSTITUTE(CELL("format",'#_Sheet1'!F11),"-","")=SUBSTITUTE(CELL("format",Sheet1!F11),"-",""),FALSE,CELL("format",'#_Sheet1'!F11)="G",FALSE,AND(CELL("format",'#_Sheet1'!F11)="F0",CELL("format",Sheet1!F11)="G"),FALSE,TRUE,IFERROR(IF(MATCH(CELL("format",'#_Sheet1'!F11),FormatCodesSFX!$A$4:$A$53,0)>0,TRUE),FALSE),TRUE,TRUE),"FormatMsg","PerfectMsg"),_xlfn.IFS(ISTEXT('#_Sheet1'!F11),FALSE,ISLOGICAL('#_Sheet1'!F11),FALSE,SUBSTITUTE(CELL("format",'#_Sheet1'!F11),"-","")=SUBSTITUTE(CELL("format",Sheet1!F11),"-",""),FALSE,CELL("format",'#_Sheet1'!F11)="G",FALSE,AND(CELL("format",'#_Sheet1'!F11)="F0",CELL("format",Sheet1!F11)="G"),FALSE,TRUE,IFERROR(IF(MATCH(CELL("format",'#_Sheet1'!F11),FormatCodesSFX!$A$4:$A$53,0)>0,TRUE),FALSE),TRUE,TRUE),"FormatMsg",TRUE,"PerfectMsg") | G11: =_xlfn.IFS(ISBLANK(Sheet1!G11),"",IF(NOT(ISNA('#_Sheet1'!G11)),IF(ISNA(Sheet1!G11),TRUE,FALSE),FALSE),"StuNAMsg",IF(AND(ISNA('#_Sheet1'!G11),ISNA(Sheet1!G11)),TRUE,FALSE),"PerfectMsg",IF(NOT(ISERROR('#_Sheet1'!G11)),IF(ISERROR(Sheet1!G11),TRUE,FALSE),FALSE),"StuErrorMsg",IF(TYPE('#_Sheet1'!G11)<>TYPE(Sheet1!G11),TRUE,FALSE),"WrongTypeMsg",IF(ISNUMBER('#_Sheet1'!G11),IF(ABS('#_Sheet1'!G11-Sheet1!G11)>0.00001,TRUE,FALSE),IF('#_Sheet1'!G11<>Sheet1!G11,TRUE,FALSE)),IF(ISNUMBER('#_Sheet1'!G11),IF('#_Sheet1'!G11>Sheet1!G11,"TooLow","TooHigh"),"WrongAnswer"),NOT(_xlfn.ISFORMULA('#_Sheet1'!G11)),IF(_xlfn.IFS(ISTEXT('#_Sheet1'!G11),FALSE,ISLOGICAL('#_Sheet1'!G11),FALSE,SUBSTITUTE(CELL("format",'#_Sheet1'!G11),"-","")=SUBSTITUTE(CELL("format",Sheet1!G11),"-",""),FALSE,CELL("format",'#_Sheet1'!G11)="G",FALSE,AND(CELL("format",'#_Sheet1'!G11)="F0",CELL("format",Sheet1!G11)="G"),FALSE,TRUE,IFERROR(IF(MATCH(CELL("format",'#_Sheet1'!G11),FormatCodesSFX!$A$4:$A$53,0)>0,TRUE),FALSE),TRUE,TRUE),"FormatMsg","PerfectMsg"),_xlfn.IFS(ISTEXT('#_Sheet1'!G11),FALSE,ISLOGICAL('#_Sheet1'!G11),FALSE,SUBSTITUTE(CELL("format",'#_Sheet1'!G11),"-","")=SUBSTITUTE(CELL("format",Sheet1!G11),"-",""),FALSE,CELL("format",'#_Sheet1'!G11)="G",FALSE,AND(CELL("format",'#_Sheet1'!G11)="F0",CELL("format",Sheet1!G11)="G"),FALSE,TRUE,IFERROR(IF(MATCH(CELL("format",'#_Sheet1'!G11),FormatCodesSFX!$A$4:$A$53,0)>0,TRUE),FALSE),TRUE,TRUE),"FormatMsg",TRUE,"PerfectMsg") | H11: =_xlfn.IFS(ISBLANK(Sheet1!H11),"",IF(NOT(ISNA('#_Sheet1'!H11)),IF(ISNA(Sheet1!H11),TRUE,FALSE),FALSE),"StuNAMsg",IF(AND(ISNA('#_Sheet1'!H11),ISNA(Sheet1!H11)),TRUE,FALSE),"PerfectMsg",IF(NOT(ISERROR('#_Sheet1'!H11)),IF(ISERROR(Sheet1!H11),TRUE,FALSE),FALSE),"StuErrorMsg",IF(TYPE('#_Sheet1'!H11)<>TYPE(Sheet1!H11),TRUE,FALSE),"WrongTypeMsg",IF(ISNUMBER('#_Sheet1'!H11),IF(ABS('#_Sheet1'!H11-Sheet1!H11)>0.00001,TRUE,FALSE),IF('#_Sheet1'!H11<>Sheet1!H11,TRUE,FALSE)),IF(ISNUMBER('#_Sheet1'!H11),IF('#_Sheet1'!H11>Sheet1!H11,"TooLow","TooHigh"),"WrongAnswer"),NOT(_xlfn.ISFORMULA('#_Sheet1'!H11)),IF(_xlfn.IFS(ISTEXT('#_Sheet1'!H11),FALSE,ISLOGICAL('#_Sheet1'!H11),FALSE,SUBSTITUTE(CELL("format",'#_Sheet1'!H11),"-","")=SUBSTITUTE(CELL("format",Sheet1!H11),"-",""),FALSE,CELL("format",'#_Sheet1'!H11)="G",FALSE,AND(CELL("format",'#_Sheet1'!H11)="F0",CELL("format",Sheet1!H11)="G"),FALSE,TRUE,IFERROR(IF(MATCH(CELL("format",'#_Sheet1'!H11),FormatCodesSFX!$A$4:$A$53,0)>0,TRUE),FALSE),TRUE,TRUE),"FormatMsg","PerfectMsg"),_xlfn.IFS(ISTEXT('#_Sheet1'!H11),FALSE,ISLOGICAL('#_Sheet1'!H11),FALSE,SUBSTITUTE(CELL("format",'#_Sheet1'!H11),"-","")=SUBSTITUTE(CELL("format",Sheet1!H11),"-",""),FALSE,CELL("format",'#_Sheet1'!H11)="G",FALSE,AND(CELL("format",'#_Sheet1'!H11)="F0",CELL("format",Sheet1!H11)="G"),FALSE,TRUE,IFERROR(IF(MATCH(CELL("format",'#_Sheet1'!H11),FormatCodesSFX!$A$4:$A$53,0)>0,TRUE),FALSE),TRUE,TRUE),"FormatMsg",TRUE,"PerfectMsg")
A12: =_xlfn.IFS(ISBLANK(Sheet1!A12),"",IF(NOT(ISNA('#_Sheet1'!A12)),IF(ISNA(Sheet1!A12),TRUE,FALSE),FALSE),"StuNAMsg",IF(AND(ISNA('#_Sheet1'!A12),ISNA(Sheet1!A12)),TRUE,FALSE),"PerfectMsg",IF(NOT(ISERROR('#_Sheet1'!A12)),IF(ISERROR(Sheet1!A12),TRUE,FALSE),FALSE),"StuErrorMsg",IF(TYPE('#_Sheet1'!A12)<>TYPE(Sheet1!A12),TRUE,FALSE),"WrongTypeMsg",IF(ISNUMBER('#_Sheet1'!A12),IF(ABS('#_Sheet1'!A12-Sheet1!A12)>0.00001,TRUE,FALSE),IF('#_Sheet1'!A12<>Sheet1!A12,TRUE,FALSE)),IF(ISNUMBER('#_Sheet1'!A12),IF('#_Sheet1'!A12>Sheet1!A12,"TooLow","TooHigh"),"WrongAnswer"),NOT(_xlfn.ISFORMULA('#_Sheet1'!A12)),IF(_xlfn.IFS(ISTEXT('#_Sheet1'!A12),FALSE,ISLOGICAL('#_Sheet1'!A12),FALSE,SUBSTITUTE(CELL("format",'#_Sheet1'!A12),"-","")=SUBSTITUTE(CELL("format",Sheet1!A12),"-",""),FALSE,CELL("format",'#_Sheet1'!A12)="G",FALSE,AND(CELL("format",'#_Sheet1'!A12)="F0",CELL("format",Sheet1!A12)="G"),FALSE,TRUE,IFERROR(IF(MATCH(CELL("format",'#_Sheet1'!A12),FormatCodesSFX!$A$4:$A$53,0)>0,TRUE),FALSE),TRUE,TRUE),"FormatMsg","PerfectMsg"),_xlfn.IFS(ISTEXT('#_Sheet1'!A12),FALSE,ISLOGICAL('#_Sheet1'!A12),FALSE,SUBSTITUTE(CELL("format",'#_Sheet1'!A12),"-","")=SUBSTITUTE(CELL("format",Sheet1!A12),"-",""),FALSE,CELL("format",'#_Sheet1'!A12)="G",FALSE,AND(CELL("format",'#_Sheet1'!A12)="F0",CELL("format",Sheet1!A12)="G"),FALSE,TRUE,IFERROR(IF(MATCH(CELL("format",'#_Sheet1'!A12),FormatCodesSFX!$A$4:$A$53,0)>0,TRUE),FALSE),TRUE,TRUE),"FormatMsg",TRUE,"PerfectMsg") | B12: =_xlfn.IFS(ISBLANK(Sheet1!B12),"",IF(NOT(ISNA('#_Sheet1'!B12)),IF(ISNA(Sheet1!B12),TRUE,FALSE),FALSE),"StuNAMsg",IF(AND(ISNA('#_Sheet1'!B12),ISNA(Sheet1!B12)),TRUE,FALSE),"PerfectMsg",IF(NOT(ISERROR('#_Sheet1'!B12)),IF(ISERROR(Sheet1!B12),TRUE,FALSE),FALSE),"StuErrorMsg",IF(TYPE('#_Sheet1'!B12)<>TYPE(Sheet1!B12),TRUE,FALSE),"WrongTypeMsg",IF(ISNUMBER('#_Sheet1'!B12),IF(ABS('#_Sheet1'!B12-Sheet1!B12)>0.00001,TRUE,FALSE),IF('#_Sheet1'!B12<>Sheet1!B12,TRUE,FALSE)),IF(ISNUMBER('#_Sheet1'!B12),IF('#_Sheet1'!B12>Sheet1!B12,"TooLow","TooHigh"),"WrongAnswer"),NOT(_xlfn.ISFORMULA('#_Sheet1'!B12)),IF(_xlfn.IFS(ISTEXT('#_Sheet1'!B12),FALSE,ISLOGICAL('#_Sheet1'!B12),FALSE,SUBSTITUTE(CELL("format",'#_Sheet1'!B12),"-","")=SUBSTITUTE(CELL("format",Sheet1!B12),"-",""),FALSE,CELL("format",'#_Sheet1'!B12)="G",FALSE,AND(CELL("format",'#_Sheet1'!B12)="F0",CELL("format",Sheet1!B12)="G"),FALSE,TRUE,IFERROR(IF(MATCH(CELL("format",'#_Sheet1'!B12),FormatCodesSFX!$A$4:$A$53,0)>0,TRUE),FALSE),TRUE,TRUE),"FormatMsg","PerfectMsg"),_xlfn.IFS(ISTEXT('#_Sheet1'!B12),FALSE,ISLOGICAL('#_Sheet1'!B12),FALSE,SUBSTITUTE(CELL("format",'#_Sheet1'!B12),"-","")=SUBSTITUTE(CELL("format",Sheet1!B12),"-",""),FALSE,CELL("format",'#_Sheet1'!B12)="G",FALSE,AND(CELL("format",'#_Sheet1'!B12)="F0",CELL("format",Sheet1!B12)="G"),FALSE,TRUE,IFERROR(IF(MATCH(CELL("format",'#_Sheet1'!B12),FormatCodesSFX!$A$4:$A$53,0)>0,TRUE),FALSE),TRUE,TRUE),"FormatMsg",TRUE,"PerfectMsg") | C12: =_xlfn.IFS(ISBLANK(Sheet1!C12),"",IF(NOT(ISNA('#_Sheet1'!C12)),IF(ISNA(Sheet1!C12),TRUE,FALSE),FALSE),"StuNAMsg",IF(AND(ISNA('#_Sheet1'!C12),ISNA(Sheet1!C12)),TRUE,FALSE),"PerfectMsg",IF(NOT(ISERROR('#_Sheet1'!C12)),IF(ISERROR(Sheet1!C12),TRUE,FALSE),FALSE),"StuErrorMsg",IF(TYPE('#_Sheet1'!C12)<>TYPE(Sheet1!C12),TRUE,FALSE),"WrongTypeMsg",IF(ISNUMBER('#_Sheet1'!C12),IF(ABS('#_Sheet1'!C12-Sheet1!C12)>0.00001,TRUE,FALSE),IF('#_Sheet1'!C12<>Sheet1!C12,TRUE,FALSE)),IF(ISNUMBER('#_Sheet1'!C12),IF('#_Sheet1'!C12>Sheet1!C12,"TooLow","TooHigh"),"WrongAnswer"),NOT(_xlfn.ISFORMULA('#_Sheet1'!C12)),IF(_xlfn.IFS(ISTEXT('#_Sheet1'!C12),FALSE,ISLOGICAL('#_Sheet1'!C12),FALSE,SUBSTITUTE(CELL("format",'#_Sheet1'!C12),"-","")=SUBSTITUTE(CELL("format",Sheet1!C12),"-",""),FALSE,CELL("format",'#_Sheet1'!C12)="G",FALSE,AND(CELL("format",'#_Sheet1'!C12)="F0",CELL("format",Sheet1!C12)="G"),FALSE,TRUE,IFERROR(IF(MATCH(CELL("format",'#_Sheet1'!C12),FormatCodesSFX!$A$4:$A$53,0)>0,TRUE),FALSE),TRUE,TRUE),"FormatMsg","PerfectMsg"),_xlfn.IFS(ISTEXT('#_Sheet1'!C12),FALSE,ISLOGICAL('#_Sheet1'!C12),FALSE,SUBSTITUTE(CELL("format",'#_Sheet1'!C12),"-","")=SUBSTITUTE(CELL("format",Sheet1!C12),"-",""),FALSE,CELL("format",'#_Sheet1'!C12)="G",FALSE,AND(CELL("format",'#_Sheet1'!C12)="F0",CELL("format",Sheet1!C12)="G"),FALSE,TRUE,IFERROR(IF(MATCH(CELL("format",'#_Sheet1'!C12),FormatCodesSFX!$A$4:$A$53,0)>0,TRUE),FALSE),TRUE,TRUE),"FormatMsg",TRUE,"PerfectMsg") | D12: =_xlfn.IFS(ISBLANK(Sheet1!D12),"",IF(NOT(ISNA('#_Sheet1'!D12)),IF(ISNA(Sheet1!D12),TRUE,FALSE),FALSE),"StuNAMsg",IF(AND(ISNA('#_Sheet1'!D12),ISNA(Sheet1!D12)),TRUE,FALSE),"PerfectMsg",IF(NOT(ISERROR('#_Sheet1'!D12)),IF(ISERROR(Sheet1!D12),TRUE,FALSE),FALSE),"StuErrorMsg",IF(TYPE('#_Sheet1'!D12)<>TYPE(Sheet1!D12),TRUE,FALSE),"WrongTypeMsg",IF(ISNUMBER('#_Sheet1'!D12),IF(ABS('#_Sheet1'!D12-Sheet1!D12)>0.00001,TRUE,FALSE),IF('#_Sheet1'!D12<>Sheet1!D12,TRUE,FALSE)),IF(ISNUMBER('#_Sheet1'!D12),IF('#_Sheet1'!D12>Sheet1!D12,"TooLow","TooHigh"),"WrongAnswer"),NOT(_xlfn.ISFORMULA('#_Sheet1'!D12)),IF(_xlfn.IFS(ISTEXT('#_Sheet1'!D12),FALSE,ISLOGICAL('#_Sheet1'!D12),FALSE,SUBSTITUTE(CELL("format",'#_Sheet1'!D12),"-","")=SUBSTITUTE(CELL("format",Sheet1!D12),"-",""),FALSE,CELL("format",'#_Sheet1'!D12)="G",FALSE,AND(CELL("format",'#_Sheet1'!D12)="F0",CELL("format",Sheet1!D12)="G"),FALSE,TRUE,IFERROR(IF(MATCH(CELL("format",'#_Sheet1'!D12),FormatCodesSFX!$A$4:$A$53,0)>0,TRUE),FALSE),TRUE,TRUE),"FormatMsg","PerfectMsg"),_xlfn.IFS(ISTEXT('#_Sheet1'!D12),FALSE,ISLOGICAL('#_Sheet1'!D12),FALSE,SUBSTITUTE(CELL("format",'#_Sheet1'!D12),"-","")=SUBSTITUTE(CELL("format",Sheet1!D12),"-",""),FALSE,CELL("format",'#_Sheet1'!D12)="G",FALSE,AND(CELL("format",'#_Sheet1'!D12)="F0",CELL("format",Sheet1!D12)="G"),FALSE,TRUE,IFERROR(IF(MATCH(CELL("format",'#_Sheet1'!D12),FormatCodesSFX!$A$4:$A$53,0)>0,TRUE),FALSE),TRUE,TRUE),"FormatMsg",TRUE,"PerfectMsg") | E12: =_xlfn.IFS(ISBLANK(Sheet1!E12),"",IF(NOT(ISNA('#_Sheet1'!E12)),IF(ISNA(Sheet1!E12),TRUE,FALSE),FALSE),"StuNAMsg",IF(AND(ISNA('#_Sheet1'!E12),ISNA(Sheet1!E12)),TRUE,FALSE),"PerfectMsg",IF(NOT(ISERROR('#_Sheet1'!E12)),IF(ISERROR(Sheet1!E12),TRUE,FALSE),FALSE),"StuErrorMsg",IF(TYPE('#_Sheet1'!E12)<>TYPE(Sheet1!E12),TRUE,FALSE),"WrongTypeMsg",IF(ISNUMBER('#_Sheet1'!E12),IF(ABS('#_Sheet1'!E12-Sheet1!E12)>0.00001,TRUE,FALSE),IF('#_Sheet1'!E12<>Sheet1!E12,TRUE,FALSE)),IF(ISNUMBER('#_Sheet1'!E12),IF('#_Sheet1'!E12>Sheet1!E12,"TooLow","TooHigh"),"WrongAnswer"),NOT(_xlfn.ISFORMULA('#_Sheet1'!E12)),IF(_xlfn.IFS(ISTEXT('#_Sheet1'!E12),FALSE,ISLOGICAL('#_Sheet1'!E12),FALSE,SUBSTITUTE(CELL("format",'#_Sheet1'!E12),"-","")=SUBSTITUTE(CELL("format",Sheet1!E12),"-",""),FALSE,CELL("format",'#_Sheet1'!E12)="G",FALSE,AND(CELL("format",'#_Sheet1'!E12)="F0",CELL("format",Sheet1!E12)="G"),FALSE,TRUE,IFERROR(IF(MATCH(CELL("format",'#_Sheet1'!E12),FormatCodesSFX!$A$4:$A$53,0)>0,TRUE),FALSE),TRUE,TRUE),"FormatMsg","PerfectMsg"),_xlfn.IFS(ISTEXT('#_Sheet1'!E12),FALSE,ISLOGICAL('#_Sheet1'!E12),FALSE,SUBSTITUTE(CELL("format",'#_Sheet1'!E12),"-","")=SUBSTITUTE(CELL("format",Sheet1!E12),"-",""),FALSE,CELL("format",'#_Sheet1'!E12)="G",FALSE,AND(CELL("format",'#_Sheet1'!E12)="F0",CELL("format",Sheet1!E12)="G"),FALSE,TRUE,IFERROR(IF(MATCH(CELL("format",'#_Sheet1'!E12),FormatCodesSFX!$A$4:$A$53,0)>0,TRUE),FALSE),TRUE,TRUE),"FormatMsg",TRUE,"PerfectMsg") | F12: =_xlfn.IFS(ISBLANK(Sheet1!F12),"",IF(NOT(ISNA('#_Sheet1'!F12)),IF(ISNA(Sheet1!F12),TRUE,FALSE),FALSE),"StuNAMsg",IF(AND(ISNA('#_Sheet1'!F12),ISNA(Sheet1!F12)),TRUE,FALSE),"PerfectMsg",IF(NOT(ISERROR('#_Sheet1'!F12)),IF(ISERROR(Sheet1!F12),TRUE,FALSE),FALSE),"StuErrorMsg",IF(TYPE('#_Sheet1'!F12)<>TYPE(Sheet1!F12),TRUE,FALSE),"WrongTypeMsg",IF(ISNUMBER('#_Sheet1'!F12),IF(ABS('#_Sheet1'!F12-Sheet1!F12)>0.00001,TRUE,FALSE),IF('#_Sheet1'!F12<>Sheet1!F12,TRUE,FALSE)),IF(ISNUMBER('#_Sheet1'!F12),IF('#_Sheet1'!F12>Sheet1!F12,"TooLow","TooHigh"),"WrongAnswer"),NOT(_xlfn.ISFORMULA('#_Sheet1'!F12)),IF(_xlfn.IFS(ISTEXT('#_Sheet1'!F12),FALSE,ISLOGICAL('#_Sheet1'!F12),FALSE,SUBSTITUTE(CELL("format",'#_Sheet1'!F12),"-","")=SUBSTITUTE(CELL("format",Sheet1!F12),"-",""),FALSE,CELL("format",'#_Sheet1'!F12)="G",FALSE,AND(CELL("format",'#_Sheet1'!F12)="F0",CELL("format",Sheet1!F12)="G"),FALSE,TRUE,IFERROR(IF(MATCH(CELL("format",'#_Sheet1'!F12),FormatCodesSFX!$A$4:$A$53,0)>0,TRUE),FALSE),TRUE,TRUE),"FormatMsg","PerfectMsg"),_xlfn.IFS(ISTEXT('#_Sheet1'!F12),FALSE,ISLOGICAL('#_Sheet1'!F12),FALSE,SUBSTITUTE(CELL("format",'#_Sheet1'!F12),"-","")=SUBSTITUTE(CELL("format",Sheet1!F12),"-",""),FALSE,CELL("format",'#_Sheet1'!F12)="G",FALSE,AND(CELL("format",'#_Sheet1'!F12)="F0",CELL("format",Sheet1!F12)="G"),FALSE,TRUE,IFERROR(IF(MATCH(CELL("format",'#_Sheet1'!F12),FormatCodesSFX!$A$4:$A$53,0)>0,TRUE),FALSE),TRUE,TRUE),"FormatMsg",TRUE,"PerfectMsg") | G12: =_xlfn.IFS(ISBLANK(Sheet1!G12),"",IF(NOT(ISNA('#_Sheet1'!G12)),IF(ISNA(Sheet1!G12),TRUE,FALSE),FALSE),"StuNAMsg",IF(AND(ISNA('#_Sheet1'!G12),ISNA(Sheet1!G12)),TRUE,FALSE),"PerfectMsg",IF(NOT(ISERROR('#_Sheet1'!G12)),IF(ISERROR(Sheet1!G12),TRUE,FALSE),FALSE),"StuErrorMsg",IF(TYPE('#_Sheet1'!G12)<>TYPE(Sheet1!G12),TRUE,FALSE),"WrongTypeMsg",IF(ISNUMBER('#_Sheet1'!G12),IF(ABS('#_Sheet1'!G12-Sheet1!G12)>0.00001,TRUE,FALSE),IF('#_Sheet1'!G12<>Sheet1!G12,TRUE,FALSE)),IF(ISNUMBER('#_Sheet1'!G12),IF('#_Sheet1'!G12>Sheet1!G12,"TooLow","TooHigh"),"WrongAnswer"),NOT(_xlfn.ISFORMULA('#_Sheet1'!G12)),IF(_xlfn.IFS(ISTEXT('#_Sheet1'!G12),FALSE,ISLOGICAL('#_Sheet1'!G12),FALSE,SUBSTITUTE(CELL("format",'#_Sheet1'!G12),"-","")=SUBSTITUTE(CELL("format",Sheet1!G12),"-",""),FALSE,CELL("format",'#_Sheet1'!G12)="G",FALSE,AND(CELL("format",'#_Sheet1'!G12)="F0",CELL("format",Sheet1!G12)="G"),FALSE,TRUE,IFERROR(IF(MATCH(CELL("format",'#_Sheet1'!G12),FormatCodesSFX!$A$4:$A$53,0)>0,TRUE),FALSE),TRUE,TRUE),"FormatMsg","PerfectMsg"),_xlfn.IFS(ISTEXT('#_Sheet1'!G12),FALSE,ISLOGICAL('#_Sheet1'!G12),FALSE,SUBSTITUTE(CELL("format",'#_Sheet1'!G12),"-","")=SUBSTITUTE(CELL("format",Sheet1!G12),"-",""),FALSE,CELL("format",'#_Sheet1'!G12)="G",FALSE,AND(CELL("format",'#_Sheet1'!G12)="F0",CELL("format",Sheet1!G12)="G"),FALSE,TRUE,IFERROR(IF(MATCH(CELL("format",'#_Sheet1'!G12),FormatCodesSFX!$A$4:$A$53,0)>0,TRUE),FALSE),TRUE,TRUE),"FormatMsg",TRUE,"PerfectMsg") | H12: =_xlfn.IFS(ISBLANK(Sheet1!H12),"",IF(NOT(ISNA('#_Sheet1'!H12)),IF(ISNA(Sheet1!H12),TRUE,FALSE),FALSE),"StuNAMsg",IF(AND(ISNA('#_Sheet1'!H12),ISNA(Sheet1!H12)),TRUE,FALSE),"PerfectMsg",IF(NOT(ISERROR('#_Sheet1'!H12)),IF(ISERROR(Sheet1!H12),TRUE,FALSE),FALSE),"StuErrorMsg",IF(TYPE('#_Sheet1'!H12)<>TYPE(Sheet1!H12),TRUE,FALSE),"WrongTypeMsg",IF(ISNUMBER('#_Sheet1'!H12),IF(ABS('#_Sheet1'!H12-Sheet1!H12)>0.00001,TRUE,FALSE),IF('#_Sheet1'!H12<>Sheet1!H12,TRUE,FALSE)),IF(ISNUMBER('#_Sheet1'!H12),IF('#_Sheet1'!H12>Sheet1!H12,"TooLow","TooHigh"),"WrongAnswer"),NOT(_xlfn.ISFORMULA('#_Sheet1'!H12)),IF(_xlfn.IFS(ISTEXT('#_Sheet1'!H12),FALSE,ISLOGICAL('#_Sheet1'!H12),FALSE,SUBSTITUTE(CELL("format",'#_Sheet1'!H12),"-","")=SUBSTITUTE(CELL("format",Sheet1!H12),"-",""),FALSE,CELL("format",'#_Sheet1'!H12)="G",FALSE,AND(CELL("format",'#_Sheet1'!H12)="F0",CELL("format",Sheet1!H12)="G"),FALSE,TRUE,IFERROR(IF(MATCH(CELL("format",'#_Sheet1'!H12),FormatCodesSFX!$A$4:$A$53,0)>0,TRUE),FALSE),TRUE,TRUE),"FormatMsg","PerfectMsg"),_xlfn.IFS(ISTEXT('#_Sheet1'!H12),FALSE,ISLOGICAL('#_Sheet1'!H12),FALSE,SUBSTITUTE(CELL("format",'#_Sheet1'!H12),"-","")=SUBSTITUTE(CELL("format",Sheet1!H12),"-",""),FALSE,CELL("format",'#_Sheet1'!H12)="G",FALSE,AND(CELL("format",'#_Sheet1'!H12)="F0",CELL("format",Sheet1!H12)="G"),FALSE,TRUE,IFERROR(IF(MATCH(CELL("format",'#_Sheet1'!H12),FormatCodesSFX!$A$4:$A$53,0)>0,TRUE),FALSE),TRUE,TRUE),"FormatMsg",TRUE,"PerfectMsg")
A13: =_xlfn.IFS(ISBLANK(Sheet1!A13),"",IF(NOT(ISNA('#_Sheet1'!A13)),IF(ISNA(Sheet1!A13),TRUE,FALSE),FALSE),"StuNAMsg",IF(AND(ISNA('#_Sheet1'!A13),ISNA(Sheet1!A13)),TRUE,FALSE),"PerfectMsg",IF(NOT(ISERROR('#_Sheet1'!A13)),IF(ISERROR(Sheet1!A13),TRUE,FALSE),FALSE),"StuErrorMsg",IF(TYPE('#_Sheet1'!A13)<>TYPE(Sheet1!A13),TRUE,FALSE),"WrongTypeMsg",IF(ISNUMBER('#_Sheet1'!A13),IF(ABS('#_Sheet1'!A13-Sheet1!A13)>0.00001,TRUE,FALSE),IF('#_Sheet1'!A13<>Sheet1!A13,TRUE,FALSE)),IF(ISNUMBER('#_Sheet1'!A13),IF('#_Sheet1'!A13>Sheet1!A13,"TooLow","TooHigh"),"WrongAnswer"),NOT(_xlfn.ISFORMULA('#_Sheet1'!A13)),IF(_xlfn.IFS(ISTEXT('#_Sheet1'!A13),FALSE,ISLOGICAL('#_Sheet1'!A13),FALSE,SUBSTITUTE(CELL("format",'#_Sheet1'!A13),"-","")=SUBSTITUTE(CELL("format",Sheet1!A13),"-",""),FALSE,CELL("format",'#_Sheet1'!A13)="G",FALSE,AND(CELL("format",'#_Sheet1'!A13)="F0",CELL("format",Sheet1!A13)="G"),FALSE,TRUE,IFERROR(IF(MATCH(CELL("format",'#_Sheet1'!A13),FormatCodesSFX!$A$4:$A$53,0)>0,TRUE),FALSE),TRUE,TRUE),"FormatMsg","PerfectMsg"),_xlfn.IFS(ISTEXT('#_Sheet1'!A13),FALSE,ISLOGICAL('#_Sheet1'!A13),FALSE,SUBSTITUTE(CELL("format",'#_Sheet1'!A13),"-","")=SUBSTITUTE(CELL("format",Sheet1!A13),"-",""),FALSE,CELL("format",'#_Sheet1'!A13)="G",FALSE,AND(CELL("format",'#_Sheet1'!A13)="F0",CELL("format",Sheet1!A13)="G"),FALSE,TRUE,IFERROR(IF(MATCH(CELL("format",'#_Sheet1'!A13),FormatCodesSFX!$A$4:$A$53,0)>0,TRUE),FALSE),TRUE,TRUE),"FormatMsg",TRUE,"PerfectMsg") | B13: =_xlfn.IFS(ISBLANK(Sheet1!B13),"",IF(NOT(ISNA('#_Sheet1'!B13)),IF(ISNA(Sheet1!B13),TRUE,FALSE),FALSE),"StuNAMsg",IF(AND(ISNA('#_Sheet1'!B13),ISNA(Sheet1!B13)),TRUE,FALSE),"PerfectMsg",IF(NOT(ISERROR('#_Sheet1'!B13)),IF(ISERROR(Sheet1!B13),TRUE,FALSE),FALSE),"StuErrorMsg",IF(TYPE('#_Sheet1'!B13)<>TYPE(Sheet1!B13),TRUE,FALSE),"WrongTypeMsg",IF(ISNUMBER('#_Sheet1'!B13),IF(ABS('#_Sheet1'!B13-Sheet1!B13)>0.00001,TRUE,FALSE),IF('#_Sheet1'!B13<>Sheet1!B13,TRUE,FALSE)),IF(ISNUMBER('#_Sheet1'!B13),IF('#_Sheet1'!B13>Sheet1!B13,"TooLow","TooHigh"),"WrongAnswer"),NOT(_xlfn.ISFORMULA('#_Sheet1'!B13)),IF(_xlfn.IFS(ISTEXT('#_Sheet1'!B13),FALSE,ISLOGICAL('#_Sheet1'!B13),FALSE,SUBSTITUTE(CELL("format",'#_Sheet1'!B13),"-","")=SUBSTITUTE(CELL("format",Sheet1!B13),"-",""),FALSE,CELL("format",'#_Sheet1'!B13)="G",FALSE,AND(CELL("format",'#_Sheet1'!B13)="F0",CELL("format",Sheet1!B13)="G"),FALSE,TRUE,IFERROR(IF(MATCH(CELL("format",'#_Sheet1'!B13),FormatCodesSFX!$A$4:$A$53,0)>0,TRUE),FALSE),TRUE,TRUE),"FormatMsg","PerfectMsg"),_xlfn.IFS(ISTEXT('#_Sheet1'!B13),FALSE,ISLOGICAL('#_Sheet1'!B13),FALSE,SUBSTITUTE(CELL("format",'#_Sheet1'!B13),"-","")=SUBSTITUTE(CELL("format",Sheet1!B13),"-",""),FALSE,CELL("format",'#_Sheet1'!B13)="G",FALSE,AND(CELL("format",'#_Sheet1'!B13)="F0",CELL("format",Sheet1!B13)="G"),FALSE,TRUE,IFERROR(IF(MATCH(CELL("format",'#_Sheet1'!B13),FormatCodesSFX!$A$4:$A$53,0)>0,TRUE),FALSE),TRUE,TRUE),"FormatMsg",TRUE,"PerfectMsg") | C13: =_xlfn.IFS(ISBLANK(Sheet1!C13),"",IF(NOT(ISNA('#_Sheet1'!C13)),IF(ISNA(Sheet1!C13),TRUE,FALSE),FALSE),"StuNAMsg",IF(AND(ISNA('#_Sheet1'!C13),ISNA(Sheet1!C13)),TRUE,FALSE),"PerfectMsg",IF(NOT(ISERROR('#_Sheet1'!C13)),IF(ISERROR(Sheet1!C13),TRUE,FALSE),FALSE),"StuErrorMsg",IF(TYPE('#_Sheet1'!C13)<>TYPE(Sheet1!C13),TRUE,FALSE),"WrongTypeMsg",IF(ISNUMBER('#_Sheet1'!C13),IF(ABS('#_Sheet1'!C13-Sheet1!C13)>0.00001,TRUE,FALSE),IF('#_Sheet1'!C13<>Sheet1!C13,TRUE,FALSE)),IF(ISNUMBER('#_Sheet1'!C13),IF('#_Sheet1'!C13>Sheet1!C13,"TooLow","TooHigh"),"WrongAnswer"),NOT(_xlfn.ISFORMULA('#_Sheet1'!C13)),IF(_xlfn.IFS(ISTEXT('#_Sheet1'!C13),FALSE,ISLOGICAL('#_Sheet1'!C13),FALSE,SUBSTITUTE(CELL("format",'#_Sheet1'!C13),"-","")=SUBSTITUTE(CELL("format",Sheet1!C13),"-",""),FALSE,CELL("format",'#_Sheet1'!C13)="G",FALSE,AND(CELL("format",'#_Sheet1'!C13)="F0",CELL("format",Sheet1!C13)="G"),FALSE,TRUE,IFERROR(IF(MATCH(CELL("format",'#_Sheet1'!C13),FormatCodesSFX!$A$4:$A$53,0)>0,TRUE),FALSE),TRUE,TRUE),"FormatMsg","PerfectMsg"),_xlfn.IFS(ISTEXT('#_Sheet1'!C13),FALSE,ISLOGICAL('#_Sheet1'!C13),FALSE,SUBSTITUTE(CELL("format",'#_Sheet1'!C13),"-","")=SUBSTITUTE(CELL("format",Sheet1!C13),"-",""),FALSE,CELL("format",'#_Sheet1'!C13)="G",FALSE,AND(CELL("format",'#_Sheet1'!C13)="F0",CELL("format",Sheet1!C13)="G"),FALSE,TRUE,IFERROR(IF(MATCH(CELL("format",'#_Sheet1'!C13),FormatCodesSFX!$A$4:$A$53,0)>0,TRUE),FALSE),TRUE,TRUE),"FormatMsg",TRUE,"PerfectMsg") | D13: =_xlfn.IFS(ISBLANK(Sheet1!D13),"",IF(NOT(ISNA('#_Sheet1'!D13)),IF(ISNA(Sheet1!D13),TRUE,FALSE),FALSE),"StuNAMsg",IF(AND(ISNA('#_Sheet1'!D13),ISNA(Sheet1!D13)),TRUE,FALSE),"PerfectMsg",IF(NOT(ISERROR('#_Sheet1'!D13)),IF(ISERROR(Sheet1!D13),TRUE,FALSE),FALSE),"StuErrorMsg",IF(TYPE('#_Sheet1'!D13)<>TYPE(Sheet1!D13),TRUE,FALSE),"WrongTypeMsg",IF(ISNUMBER('#_Sheet1'!D13),IF(ABS('#_Sheet1'!D13-Sheet1!D13)>0.00001,TRUE,FALSE),IF('#_Sheet1'!D13<>Sheet1!D13,TRUE,FALSE)),IF(ISNUMBER('#_Sheet1'!D13),IF('#_Sheet1'!D13>Sheet1!D13,"TooLow","TooHigh"),"WrongAnswer"),NOT(_xlfn.ISFORMULA('#_Sheet1'!D13)),IF(_xlfn.IFS(ISTEXT('#_Sheet1'!D13),FALSE,ISLOGICAL('#_Sheet1'!D13),FALSE,SUBSTITUTE(CELL("format",'#_Sheet1'!D13),"-","")=SUBSTITUTE(CELL("format",Sheet1!D13),"-",""),FALSE,CELL("format",'#_Sheet1'!D13)="G",FALSE,AND(CELL("format",'#_Sheet1'!D13)="F0",CELL("format",Sheet1!D13)="G"),FALSE,TRUE,IFERROR(IF(MATCH(CELL("format",'#_Sheet1'!D13),FormatCodesSFX!$A$4:$A$53,0)>0,TRUE),FALSE),TRUE,TRUE),"FormatMsg","PerfectMsg"),_xlfn.IFS(ISTEXT('#_Sheet1'!D13),FALSE,ISLOGICAL('#_Sheet1'!D13),FALSE,SUBSTITUTE(CELL("format",'#_Sheet1'!D13),"-","")=SUBSTITUTE(CELL("format",Sheet1!D13),"-",""),FALSE,CELL("format",'#_Sheet1'!D13)="G",FALSE,AND(CELL("format",'#_Sheet1'!D13)="F0",CELL("format",Sheet1!D13)="G"),FALSE,TRUE,IFERROR(IF(MATCH(CELL("format",'#_Sheet1'!D13),FormatCodesSFX!$A$4:$A$53,0)>0,TRUE),FALSE),TRUE,TRUE),"FormatMsg",TRUE,"PerfectMsg") | E13: =_xlfn.IFS(ISBLANK(Sheet1!E13),"",IF(NOT(ISNA('#_Sheet1'!E13)),IF(ISNA(Sheet1!E13),TRUE,FALSE),FALSE),"StuNAMsg",IF(AND(ISNA('#_Sheet1'!E13),ISNA(Sheet1!E13)),TRUE,FALSE),"PerfectMsg",IF(NOT(ISERROR('#_Sheet1'!E13)),IF(ISERROR(Sheet1!E13),TRUE,FALSE),FALSE),"StuErrorMsg",IF(TYPE('#_Sheet1'!E13)<>TYPE(Sheet1!E13),TRUE,FALSE),"WrongTypeMsg",IF(ISNUMBER('#_Sheet1'!E13),IF(ABS('#_Sheet1'!E13-Sheet1!E13)>0.00001,TRUE,FALSE),IF('#_Sheet1'!E13<>Sheet1!E13,TRUE,FALSE)),IF(ISNUMBER('#_Sheet1'!E13),IF('#_Sheet1'!E13>Sheet1!E13,"TooLow","TooHigh"),"WrongAnswer"),NOT(_xlfn.ISFORMULA('#_Sheet1'!E13)),IF(_xlfn.IFS(ISTEXT('#_Sheet1'!E13),FALSE,ISLOGICAL('#_Sheet1'!E13),FALSE,SUBSTITUTE(CELL("format",'#_Sheet1'!E13),"-","")=SUBSTITUTE(CELL("format",Sheet1!E13),"-",""),FALSE,CELL("format",'#_Sheet1'!E13)="G",FALSE,AND(CELL("format",'#_Sheet1'!E13)="F0",CELL("format",Sheet1!E13)="G"),FALSE,TRUE,IFERROR(IF(MATCH(CELL("format",'#_Sheet1'!E13),FormatCodesSFX!$A$4:$A$53,0)>0,TRUE),FALSE),TRUE,TRUE),"FormatMsg","PerfectMsg"),_xlfn.IFS(ISTEXT('#_Sheet1'!E13),FALSE,ISLOGICAL('#_Sheet1'!E13),FALSE,SUBSTITUTE(CELL("format",'#_Sheet1'!E13),"-","")=SUBSTITUTE(CELL("format",Sheet1!E13),"-",""),FALSE,CELL("format",'#_Sheet1'!E13)="G",FALSE,AND(CELL("format",'#_Sheet1'!E13)="F0",CELL("format",Sheet1!E13)="G"),FALSE,TRUE,IFERROR(IF(MATCH(CELL("format",'#_Sheet1'!E13),FormatCodesSFX!$A$4:$A$53,0)>0,TRUE),FALSE),TRUE,TRUE),"FormatMsg",TRUE,"PerfectMsg") | F13: =_xlfn.IFS(ISBLANK(Sheet1!F13),"",IF(NOT(ISNA('#_Sheet1'!F13)),IF(ISNA(Sheet1!F13),TRUE,FALSE),FALSE),"StuNAMsg",IF(AND(ISNA('#_Sheet1'!F13),ISNA(Sheet1!F13)),TRUE,FALSE),"PerfectMsg",IF(NOT(ISERROR('#_Sheet1'!F13)),IF(ISERROR(Sheet1!F13),TRUE,FALSE),FALSE),"StuErrorMsg",IF(TYPE('#_Sheet1'!F13)<>TYPE(Sheet1!F13),TRUE,FALSE),"WrongTypeMsg",IF(ISNUMBER('#_Sheet1'!F13),IF(ABS('#_Sheet1'!F13-Sheet1!F13)>0.00001,TRUE,FALSE),IF('#_Sheet1'!F13<>Sheet1!F13,TRUE,FALSE)),IF(ISNUMBER('#_Sheet1'!F13),IF('#_Sheet1'!F13>Sheet1!F13,"TooLow","TooHigh"),"WrongAnswer"),NOT(_xlfn.ISFORMULA('#_Sheet1'!F13)),IF(_xlfn.IFS(ISTEXT('#_Sheet1'!F13),FALSE,ISLOGICAL('#_Sheet1'!F13),FALSE,SUBSTITUTE(CELL("format",'#_Sheet1'!F13),"-","")=SUBSTITUTE(CELL("format",Sheet1!F13),"-",""),FALSE,CELL("format",'#_Sheet1'!F13)="G",FALSE,AND(CELL("format",'#_Sheet1'!F13)="F0",CELL("format",Sheet1!F13)="G"),FALSE,TRUE,IFERROR(IF(MATCH(CELL("format",'#_Sheet1'!F13),FormatCodesSFX!$A$4:$A$53,0)>0,TRUE),FALSE),TRUE,TRUE),"FormatMsg","PerfectMsg"),_xlfn.IFS(ISTEXT('#_Sheet1'!F13),FALSE,ISLOGICAL('#_Sheet1'!F13),FALSE,SUBSTITUTE(CELL("format",'#_Sheet1'!F13),"-","")=SUBSTITUTE(CELL("format",Sheet1!F13),"-",""),FALSE,CELL("format",'#_Sheet1'!F13)="G",FALSE,AND(CELL("format",'#_Sheet1'!F13)="F0",CELL("format",Sheet1!F13)="G"),FALSE,TRUE,IFERROR(IF(MATCH(CELL("format",'#_Sheet1'!F13),FormatCodesSFX!$A$4:$A$53,0)>0,TRUE),FALSE),TRUE,TRUE),"FormatMsg",TRUE,"PerfectMsg") | G13: =_xlfn.IFS(ISBLANK(Sheet1!G13),"",IF(NOT(ISNA('#_Sheet1'!G13)),IF(ISNA(Sheet1!G13),TRUE,FALSE),FALSE),"StuNAMsg",IF(AND(ISNA('#_Sheet1'!G13),ISNA(Sheet1!G13)),TRUE,FALSE),"PerfectMsg",IF(NOT(ISERROR('#_Sheet1'!G13)),IF(ISERROR(Sheet1!G13),TRUE,FALSE),FALSE),"StuErrorMsg",IF(TYPE('#_Sheet1'!G13)<>TYPE(Sheet1!G13),TRUE,FALSE),"WrongTypeMsg",IF(ISNUMBER('#_Sheet1'!G13),IF(ABS('#_Sheet1'!G13-Sheet1!G13)>0.00001,TRUE,FALSE),IF('#_Sheet1'!G13<>Sheet1!G13,TRUE,FALSE)),IF(ISNUMBER('#_Sheet1'!G13),IF('#_Sheet1'!G13>Sheet1!G13,"TooLow","TooHigh"),"WrongAnswer"),NOT(_xlfn.ISFORMULA('#_Sheet1'!G13)),IF(_xlfn.IFS(ISTEXT('#_Sheet1'!G13),FALSE,ISLOGICAL('#_Sheet1'!G13),FALSE,SUBSTITUTE(CELL("format",'#_Sheet1'!G13),"-","")=SUBSTITUTE(CELL("format",Sheet1!G13),"-",""),FALSE,CELL("format",'#_Sheet1'!G13)="G",FALSE,AND(CELL("format",'#_Sheet1'!G13)="F0",CELL("format",Sheet1!G13)="G"),FALSE,TRUE,IFERROR(IF(MATCH(CELL("format",'#_Sheet1'!G13),FormatCodesSFX!$A$4:$A$53,0)>0,TRUE),FALSE),TRUE,TRUE),"FormatMsg","PerfectMsg"),_xlfn.IFS(ISTEXT('#_Sheet1'!G13),FALSE,ISLOGICAL('#_Sheet1'!G13),FALSE,SUBSTITUTE(CELL("format",'#_Sheet1'!G13),"-","")=SUBSTITUTE(CELL("format",Sheet1!G13),"-",""),FALSE,CELL("format",'#_Sheet1'!G13)="G",FALSE,AND(CELL("format",'#_Sheet1'!G13)="F0",CELL("format",Sheet1!G13)="G"),FALSE,TRUE,IFERROR(IF(MATCH(CELL("format",'#_Sheet1'!G13),FormatCodesSFX!$A$4:$A$53,0)>0,TRUE),FALSE),TRUE,TRUE),"FormatMsg",TRUE,"PerfectMsg") | H13: =_xlfn.IFS(ISBLANK(Sheet1!H13),"",IF(NOT(ISNA('#_Sheet1'!H13)),IF(ISNA(Sheet1!H13),TRUE,FALSE),FALSE),"StuNAMsg",IF(AND(ISNA('#_Sheet1'!H13),ISNA(Sheet1!H13)),TRUE,FALSE),"PerfectMsg",IF(NOT(ISERROR('#_Sheet1'!H13)),IF(ISERROR(Sheet1!H13),TRUE,FALSE),FALSE),"StuErrorMsg",IF(TYPE('#_Sheet1'!H13)<>TYPE(Sheet1!H13),TRUE,FALSE),"WrongTypeMsg",IF(ISNUMBER('#_Sheet1'!H13),IF(ABS('#_Sheet1'!H13-Sheet1!H13)>0.00001,TRUE,FALSE),IF('#_Sheet1'!H13<>Sheet1!H13,TRUE,FALSE)),IF(ISNUMBER('#_Sheet1'!H13),IF('#_Sheet1'!H13>Sheet1!H13,"TooLow","TooHigh"),"WrongAnswer"),NOT(_xlfn.ISFORMULA('#_Sheet1'!H13)),IF(_xlfn.IFS(ISTEXT('#_Sheet1'!H13),FALSE,ISLOGICAL('#_Sheet1'!H13),FALSE,SUBSTITUTE(CELL("format",'#_Sheet1'!H13),"-","")=SUBSTITUTE(CELL("format",Sheet1!H13),"-",""),FALSE,CELL("format",'#_Sheet1'!H13)="G",FALSE,AND(CELL("format",'#_Sheet1'!H13)="F0",CELL("format",Sheet1!H13)="G"),FALSE,TRUE,IFERROR(IF(MATCH(CELL("format",'#_Sheet1'!H13),FormatCodesSFX!$A$4:$A$53,0)>0,TRUE),FALSE),TRUE,TRUE),"FormatMsg","PerfectMsg"),_xlfn.IFS(ISTEXT('#_Sheet1'!H13),FALSE,ISLOGICAL('#_Sheet1'!H13),FALSE,SUBSTITUTE(CELL("format",'#_Sheet1'!H13),"-","")=SUBSTITUTE(CELL("format",Sheet1!H13),"-",""),FALSE,CELL("format",'#_Sheet1'!H13)="G",FALSE,AND(CELL("format",'#_Sheet1'!H13)="F0",CELL("format",Sheet1!H13)="G"),FALSE,TRUE,IFERROR(IF(MATCH(CELL("format",'#_Sheet1'!H13),FormatCodesSFX!$A$4:$A$53,0)>0,TRUE),FALSE),TRUE,TRUE),"FormatMsg",TRUE,"PerfectMsg")
A14: =_xlfn.IFS(ISBLANK(Sheet1!A14),"",IF(NOT(ISNA('#_Sheet1'!A14)),IF(ISNA(Sheet1!A14),TRUE,FALSE),FALSE),"StuNAMsg",IF(AND(ISNA('#_Sheet1'!A14),ISNA(Sheet1!A14)),TRUE,FALSE),"PerfectMsg",IF(NOT(ISERROR('#_Sheet1'!A14)),IF(ISERROR(Sheet1!A14),TRUE,FALSE),FALSE),"StuErrorMsg",IF(TYPE('#_Sheet1'!A14)<>TYPE(Sheet1!A14),TRUE,FALSE),"WrongTypeMsg",IF(ISNUMBER('#_Sheet1'!A14),IF(ABS('#_Sheet1'!A14-Sheet1!A14)>0.00001,TRUE,FALSE),IF('#_Sheet1'!A14<>Sheet1!A14,TRUE,FALSE)),IF(ISNUMBER('#_Sheet1'!A14),IF('#_Sheet1'!A14>Sheet1!A14,"TooLow","TooHigh"),"WrongAnswer"),NOT(_xlfn.ISFORMULA('#_Sheet1'!A14)),IF(_xlfn.IFS(ISTEXT('#_Sheet1'!A14),FALSE,ISLOGICAL('#_Sheet1'!A14),FALSE,SUBSTITUTE(CELL("format",'#_Sheet1'!A14),"-","")=SUBSTITUTE(CELL("format",Sheet1!A14),"-",""),FALSE,CELL("format",'#_Sheet1'!A14)="G",FALSE,AND(CELL("format",'#_Sheet1'!A14)="F0",CELL("format",Sheet1!A14)="G"),FALSE,TRUE,IFERROR(IF(MATCH(CELL("format",'#_Sheet1'!A14),FormatCodesSFX!$A$4:$A$53,0)>0,TRUE),FALSE),TRUE,TRUE),"FormatMsg","PerfectMsg"),_xlfn.IFS(ISTEXT('#_Sheet1'!A14),FALSE,ISLOGICAL('#_Sheet1'!A14),FALSE,SUBSTITUTE(CELL("format",'#_Sheet1'!A14),"-","")=SUBSTITUTE(CELL("format",Sheet1!A14),"-",""),FALSE,CELL("format",'#_Sheet1'!A14)="G",FALSE,AND(CELL("format",'#_Sheet1'!A14)="F0",CELL("format",Sheet1!A14)="G"),FALSE,TRUE,IFERROR(IF(MATCH(CELL("format",'#_Sheet1'!A14),FormatCodesSFX!$A$4:$A$53,0)>0,TRUE),FALSE),TRUE,TRUE),"FormatMsg",TRUE,"PerfectMsg") | B14: =_xlfn.IFS(ISBLANK(Sheet1!B14),"",IF(NOT(ISNA('#_Sheet1'!B14)),IF(ISNA(Sheet1!B14),TRUE,FALSE),FALSE),"StuNAMsg",IF(AND(ISNA('#_Sheet1'!B14),ISNA(Sheet1!B14)),TRUE,FALSE),"PerfectMsg",IF(NOT(ISERROR('#_Sheet1'!B14)),IF(ISERROR(Sheet1!B14),TRUE,FALSE),FALSE),"StuErrorMsg",IF(TYPE('#_Sheet1'!B14)<>TYPE(Sheet1!B14),TRUE,FALSE),"WrongTypeMsg",IF(ISNUMBER('#_Sheet1'!B14),IF(ABS('#_Sheet1'!B14-Sheet1!B14)>0.00001,TRUE,FALSE),IF('#_Sheet1'!B14<>Sheet1!B14,TRUE,FALSE)),IF(ISNUMBER('#_Sheet1'!B14),IF('#_Sheet1'!B14>Sheet1!B14,"TooLow","TooHigh"),"WrongAnswer"),NOT(_xlfn.ISFORMULA('#_Sheet1'!B14)),IF(_xlfn.IFS(ISTEXT('#_Sheet1'!B14),FALSE,ISLOGICAL('#_Sheet1'!B14),FALSE,SUBSTITUTE(CELL("format",'#_Sheet1'!B14),"-","")=SUBSTITUTE(CELL("format",Sheet1!B14),"-",""),FALSE,CELL("format",'#_Sheet1'!B14)="G",FALSE,AND(CELL("format",'#_Sheet1'!B14)="F0",CELL("format",Sheet1!B14)="G"),FALSE,TRUE,IFERROR(IF(MATCH(CELL("format",'#_Sheet1'!B14),FormatCodesSFX!$A$4:$A$53,0)>0,TRUE),FALSE),TRUE,TRUE),"FormatMsg","PerfectMsg"),_xlfn.IFS(ISTEXT('#_Sheet1'!B14),FALSE,ISLOGICAL('#_Sheet1'!B14),FALSE,SUBSTITUTE(CELL("format",'#_Sheet1'!B14),"-","")=SUBSTITUTE(CELL("format",Sheet1!B14),"-",""),FALSE,CELL("format",'#_Sheet1'!B14)="G",FALSE,AND(CELL("format",'#_Sheet1'!B14)="F0",CELL("format",Sheet1!B14)="G"),FALSE,TRUE,IFERROR(IF(MATCH(CELL("format",'#_Sheet1'!B14),FormatCodesSFX!$A$4:$A$53,0)>0,TRUE),FALSE),TRUE,TRUE),"FormatMsg",TRUE,"PerfectMsg") | C14: =_xlfn.IFS(ISBLANK(Sheet1!C14),"",IF(NOT(ISNA('#_Sheet1'!C14)),IF(ISNA(Sheet1!C14),TRUE,FALSE),FALSE),"StuNAMsg",IF(AND(ISNA('#_Sheet1'!C14),ISNA(Sheet1!C14)),TRUE,FALSE),"PerfectMsg",IF(NOT(ISERROR('#_Sheet1'!C14)),IF(ISERROR(Sheet1!C14),TRUE,FALSE),FALSE),"StuErrorMsg",IF(TYPE('#_Sheet1'!C14)<>TYPE(Sheet1!C14),TRUE,FALSE),"WrongTypeMsg",IF(ISNUMBER('#_Sheet1'!C14),IF(ABS('#_Sheet1'!C14-Sheet1!C14)>0.00001,TRUE,FALSE),IF('#_Sheet1'!C14<>Sheet1!C14,TRUE,FALSE)),IF(ISNUMBER('#_Sheet1'!C14),IF('#_Sheet1'!C14>Sheet1!C14,"TooLow","TooHigh"),"WrongAnswer"),NOT(_xlfn.ISFORMULA('#_Sheet1'!C14)),IF(_xlfn.IFS(ISTEXT('#_Sheet1'!C14),FALSE,ISLOGICAL('#_Sheet1'!C14),FALSE,SUBSTITUTE(CELL("format",'#_Sheet1'!C14),"-","")=SUBSTITUTE(CELL("format",Sheet1!C14),"-",""),FALSE,CELL("format",'#_Sheet1'!C14)="G",FALSE,AND(CELL("format",'#_Sheet1'!C14)="F0",CELL("format",Sheet1!C14)="G"),FALSE,TRUE,IFERROR(IF(MATCH(CELL("format",'#_Sheet1'!C14),FormatCodesSFX!$A$4:$A$53,0)>0,TRUE),FALSE),TRUE,TRUE),"FormatMsg","PerfectMsg"),_xlfn.IFS(ISTEXT('#_Sheet1'!C14),FALSE,ISLOGICAL('#_Sheet1'!C14),FALSE,SUBSTITUTE(CELL("format",'#_Sheet1'!C14),"-","")=SUBSTITUTE(CELL("format",Sheet1!C14),"-",""),FALSE,CELL("format",'#_Sheet1'!C14)="G",FALSE,AND(CELL("format",'#_Sheet1'!C14)="F0",CELL("format",Sheet1!C14)="G"),FALSE,TRUE,IFERROR(IF(MATCH(CELL("format",'#_Sheet1'!C14),FormatCodesSFX!$A$4:$A$53,0)>0,TRUE),FALSE),TRUE,TRUE),"FormatMsg",TRUE,"PerfectMsg") | D14: =_xlfn.IFS(ISBLANK(Sheet1!D14),"",IF(NOT(ISNA('#_Sheet1'!D14)),IF(ISNA(Sheet1!D14),TRUE,FALSE),FALSE),"StuNAMsg",IF(AND(ISNA('#_Sheet1'!D14),ISNA(Sheet1!D14)),TRUE,FALSE),"PerfectMsg",IF(NOT(ISERROR('#_Sheet1'!D14)),IF(ISERROR(Sheet1!D14),TRUE,FALSE),FALSE),"StuErrorMsg",IF(TYPE('#_Sheet1'!D14)<>TYPE(Sheet1!D14),TRUE,FALSE),"WrongTypeMsg",IF(ISNUMBER('#_Sheet1'!D14),IF(ABS('#_Sheet1'!D14-Sheet1!D14)>0.00001,TRUE,FALSE),IF('#_Sheet1'!D14<>Sheet1!D14,TRUE,FALSE)),IF(ISNUMBER('#_Sheet1'!D14),IF('#_Sheet1'!D14>Sheet1!D14,"TooLow","TooHigh"),"WrongAnswer"),NOT(_xlfn.ISFORMULA('#_Sheet1'!D14)),IF(_xlfn.IFS(ISTEXT('#_Sheet1'!D14),FALSE,ISLOGICAL('#_Sheet1'!D14),FALSE,SUBSTITUTE(CELL("format",'#_Sheet1'!D14),"-","")=SUBSTITUTE(CELL("format",Sheet1!D14),"-",""),FALSE,CELL("format",'#_Sheet1'!D14)="G",FALSE,AND(CELL("format",'#_Sheet1'!D14)="F0",CELL("format",Sheet1!D14)="G"),FALSE,TRUE,IFERROR(IF(MATCH(CELL("format",'#_Sheet1'!D14),FormatCodesSFX!$A$4:$A$53,0)>0,TRUE),FALSE),TRUE,TRUE),"FormatMsg","PerfectMsg"),_xlfn.IFS(ISTEXT('#_Sheet1'!D14),FALSE,ISLOGICAL('#_Sheet1'!D14),FALSE,SUBSTITUTE(CELL("format",'#_Sheet1'!D14),"-","")=SUBSTITUTE(CELL("format",Sheet1!D14),"-",""),FALSE,CELL("format",'#_Sheet1'!D14)="G",FALSE,AND(CELL("format",'#_Sheet1'!D14)="F0",CELL("format",Sheet1!D14)="G"),FALSE,TRUE,IFERROR(IF(MATCH(CELL("format",'#_Sheet1'!D14),FormatCodesSFX!$A$4:$A$53,0)>0,TRUE),FALSE),TRUE,TRUE),"FormatMsg",TRUE,"PerfectMsg") | E14: =_xlfn.IFS(ISBLANK(Sheet1!E14),"",IF(NOT(ISNA('#_Sheet1'!E14)),IF(ISNA(Sheet1!E14),TRUE,FALSE),FALSE),"StuNAMsg",IF(AND(ISNA('#_Sheet1'!E14),ISNA(Sheet1!E14)),TRUE,FALSE),"PerfectMsg",IF(NOT(ISERROR('#_Sheet1'!E14)),IF(ISERROR(Sheet1!E14),TRUE,FALSE),FALSE),"StuErrorMsg",IF(TYPE('#_Sheet1'!E14)<>TYPE(Sheet1!E14),TRUE,FALSE),"WrongTypeMsg",IF(ISNUMBER('#_Sheet1'!E14),IF(ABS('#_Sheet1'!E14-Sheet1!E14)>0.00001,TRUE,FALSE),IF('#_Sheet1'!E14<>Sheet1!E14,TRUE,FALSE)),IF(ISNUMBER('#_Sheet1'!E14),IF('#_Sheet1'!E14>Sheet1!E14,"TooLow","TooHigh"),"WrongAnswer"),NOT(_xlfn.ISFORMULA('#_Sheet1'!E14)),IF(_xlfn.IFS(ISTEXT('#_Sheet1'!E14),FALSE,ISLOGICAL('#_Sheet1'!E14),FALSE,SUBSTITUTE(CELL("format",'#_Sheet1'!E14),"-","")=SUBSTITUTE(CELL("format",Sheet1!E14),"-",""),FALSE,CELL("format",'#_Sheet1'!E14)="G",FALSE,AND(CELL("format",'#_Sheet1'!E14)="F0",CELL("format",Sheet1!E14)="G"),FALSE,TRUE,IFERROR(IF(MATCH(CELL("format",'#_Sheet1'!E14),FormatCodesSFX!$A$4:$A$53,0)>0,TRUE),FALSE),TRUE,TRUE),"FormatMsg","PerfectMsg"),_xlfn.IFS(ISTEXT('#_Sheet1'!E14),FALSE,ISLOGICAL('#_Sheet1'!E14),FALSE,SUBSTITUTE(CELL("format",'#_Sheet1'!E14),"-","")=SUBSTITUTE(CELL("format",Sheet1!E14),"-",""),FALSE,CELL("format",'#_Sheet1'!E14)="G",FALSE,AND(CELL("format",'#_Sheet1'!E14)="F0",CELL("format",Sheet1!E14)="G"),FALSE,TRUE,IFERROR(IF(MATCH(CELL("format",'#_Sheet1'!E14),FormatCodesSFX!$A$4:$A$53,0)>0,TRUE),FALSE),TRUE,TRUE),"FormatMsg",TRUE,"PerfectMsg") | F14: =_xlfn.IFS(ISBLANK(Sheet1!F14),"",IF(NOT(ISNA('#_Sheet1'!F14)),IF(ISNA(Sheet1!F14),TRUE,FALSE),FALSE),"StuNAMsg",IF(AND(ISNA('#_Sheet1'!F14),ISNA(Sheet1!F14)),TRUE,FALSE),"PerfectMsg",IF(NOT(ISERROR('#_Sheet1'!F14)),IF(ISERROR(Sheet1!F14),TRUE,FALSE),FALSE),"StuErrorMsg",IF(TYPE('#_Sheet1'!F14)<>TYPE(Sheet1!F14),TRUE,FALSE),"WrongTypeMsg",IF(ISNUMBER('#_Sheet1'!F14),IF(ABS('#_Sheet1'!F14-Sheet1!F14)>0.00001,TRUE,FALSE),IF('#_Sheet1'!F14<>Sheet1!F14,TRUE,FALSE)),IF(ISNUMBER('#_Sheet1'!F14),IF('#_Sheet1'!F14>Sheet1!F14,"TooLow","TooHigh"),"WrongAnswer"),NOT(_xlfn.ISFORMULA('#_Sheet1'!F14)),IF(_xlfn.IFS(ISTEXT('#_Sheet1'!F14),FALSE,ISLOGICAL('#_Sheet1'!F14),FALSE,SUBSTITUTE(CELL("format",'#_Sheet1'!F14),"-","")=SUBSTITUTE(CELL("format",Sheet1!F14),"-",""),FALSE,CELL("format",'#_Sheet1'!F14)="G",FALSE,AND(CELL("format",'#_Sheet1'!F14)="F0",CELL("format",Sheet1!F14)="G"),FALSE,TRUE,IFERROR(IF(MATCH(CELL("format",'#_Sheet1'!F14),FormatCodesSFX!$A$4:$A$53,0)>0,TRUE),FALSE),TRUE,TRUE),"FormatMsg","PerfectMsg"),_xlfn.IFS(ISTEXT('#_Sheet1'!F14),FALSE,ISLOGICAL('#_Sheet1'!F14),FALSE,SUBSTITUTE(CELL("format",'#_Sheet1'!F14),"-","")=SUBSTITUTE(CELL("format",Sheet1!F14),"-",""),FALSE,CELL("format",'#_Sheet1'!F14)="G",FALSE,AND(CELL("format",'#_Sheet1'!F14)="F0",CELL("format",Sheet1!F14)="G"),FALSE,TRUE,IFERROR(IF(MATCH(CELL("format",'#_Sheet1'!F14),FormatCodesSFX!$A$4:$A$53,0)>0,TRUE),FALSE),TRUE,TRUE),"FormatMsg",TRUE,"PerfectMsg") | G14: =_xlfn.IFS(ISBLANK(Sheet1!G14),"",IF(NOT(ISNA('#_Sheet1'!G14)),IF(ISNA(Sheet1!G14),TRUE,FALSE),FALSE),"StuNAMsg",IF(AND(ISNA('#_Sheet1'!G14),ISNA(Sheet1!G14)),TRUE,FALSE),"PerfectMsg",IF(NOT(ISERROR('#_Sheet1'!G14)),IF(ISERROR(Sheet1!G14),TRUE,FALSE),FALSE),"StuErrorMsg",IF(TYPE('#_Sheet1'!G14)<>TYPE(Sheet1!G14),TRUE,FALSE),"WrongTypeMsg",IF(ISNUMBER('#_Sheet1'!G14),IF(ABS('#_Sheet1'!G14-Sheet1!G14)>0.00001,TRUE,FALSE),IF('#_Sheet1'!G14<>Sheet1!G14,TRUE,FALSE)),IF(ISNUMBER('#_Sheet1'!G14),IF('#_Sheet1'!G14>Sheet1!G14,"TooLow","TooHigh"),"WrongAnswer"),NOT(_xlfn.ISFORMULA('#_Sheet1'!G14)),IF(_xlfn.IFS(ISTEXT('#_Sheet1'!G14),FALSE,ISLOGICAL('#_Sheet1'!G14),FALSE,SUBSTITUTE(CELL("format",'#_Sheet1'!G14),"-","")=SUBSTITUTE(CELL("format",Sheet1!G14),"-",""),FALSE,CELL("format",'#_Sheet1'!G14)="G",FALSE,AND(CELL("format",'#_Sheet1'!G14)="F0",CELL("format",Sheet1!G14)="G"),FALSE,TRUE,IFERROR(IF(MATCH(CELL("format",'#_Sheet1'!G14),FormatCodesSFX!$A$4:$A$53,0)>0,TRUE),FALSE),TRUE,TRUE),"FormatMsg","PerfectMsg"),_xlfn.IFS(ISTEXT('#_Sheet1'!G14),FALSE,ISLOGICAL('#_Sheet1'!G14),FALSE,SUBSTITUTE(CELL("format",'#_Sheet1'!G14),"-","")=SUBSTITUTE(CELL("format",Sheet1!G14),"-",""),FALSE,CELL("format",'#_Sheet1'!G14)="G",FALSE,AND(CELL("format",'#_Sheet1'!G14)="F0",CELL("format",Sheet1!G14)="G"),FALSE,TRUE,IFERROR(IF(MATCH(CELL("format",'#_Sheet1'!G14),FormatCodesSFX!$A$4:$A$53,0)>0,TRUE),FALSE),TRUE,TRUE),"FormatMsg",TRUE,"PerfectMsg") | H14: =_xlfn.IFS(ISBLANK(Sheet1!H14),"",IF(NOT(ISNA('#_Sheet1'!H14)),IF(ISNA(Sheet1!H14),TRUE,FALSE),FALSE),"StuNAMsg",IF(AND(ISNA('#_Sheet1'!H14),ISNA(Sheet1!H14)),TRUE,FALSE),"PerfectMsg",IF(NOT(ISERROR('#_Sheet1'!H14)),IF(ISERROR(Sheet1!H14),TRUE,FALSE),FALSE),"StuErrorMsg",IF(TYPE('#_Sheet1'!H14)<>TYPE(Sheet1!H14),TRUE,FALSE),"WrongTypeMsg",IF(ISNUMBER('#_Sheet1'!H14),IF(ABS('#_Sheet1'!H14-Sheet1!H14)>0.00001,TRUE,FALSE),IF('#_Sheet1'!H14<>Sheet1!H14,TRUE,FALSE)),IF(ISNUMBER('#_Sheet1'!H14),IF('#_Sheet1'!H14>Sheet1!H14,"TooLow","TooHigh"),"WrongAnswer"),NOT(_xlfn.ISFORMULA('#_Sheet1'!H14)),IF(_xlfn.IFS(ISTEXT('#_Sheet1'!H14),FALSE,ISLOGICAL('#_Sheet1'!H14),FALSE,SUBSTITUTE(CELL("format",'#_Sheet1'!H14),"-","")=SUBSTITUTE(CELL("format",Sheet1!H14),"-",""),FALSE,CELL("format",'#_Sheet1'!H14)="G",FALSE,AND(CELL("format",'#_Sheet1'!H14)="F0",CELL("format",Sheet1!H14)="G"),FALSE,TRUE,IFERROR(IF(MATCH(CELL("format",'#_Sheet1'!H14),FormatCodesSFX!$A$4:$A$53,0)>0,TRUE),FALSE),TRUE,TRUE),"FormatMsg","PerfectMsg"),_xlfn.IFS(ISTEXT('#_Sheet1'!H14),FALSE,ISLOGICAL('#_Sheet1'!H14),FALSE,SUBSTITUTE(CELL("format",'#_Sheet1'!H14),"-","")=SUBSTITUTE(CELL("format",Sheet1!H14),"-",""),FALSE,CELL("format",'#_Sheet1'!H14)="G",FALSE,AND(CELL("format",'#_Sheet1'!H14)="F0",CELL("format",Sheet1!H14)="G"),FALSE,TRUE,IFERROR(IF(MATCH(CELL("format",'#_Sheet1'!H14),FormatCodesSFX!$A$4:$A$53,0)>0,TRUE),FALSE),TRUE,TRUE),"FormatMsg",TRUE,"PerfectMsg")
... A27: =_xlfn.IFS(ISBLANK(Sheet1!A27),"",IF(NOT(ISNA('#_Sheet1'!A27)),IF(ISNA(Sheet1!A27),TRUE,FALSE),FALSE),"StuNAMsg",IF(AND(ISNA('#_Sheet1'!A27),ISNA(Sheet1!A27)),TRUE,FALSE),"PerfectMsg",IF(NOT(ISERROR('#_Sheet1'!A27)),IF(ISERROR(Sheet1!A27),TRUE,FALSE),FALSE),"StuErrorMsg",IF(TYPE('#_Sheet1'!A27)<>TYPE(Sheet1!A27),TRUE,FALSE),"WrongTypeMsg",IF(ISNUMBER('#_Sheet1'!A27),IF(ABS('#_Sheet1'!A27-Sheet1!A27)>0.00001,TRUE,FALSE),IF('#_Sheet1'!A27<>Sheet1!A27,TRUE,FALSE)),IF(ISNUMBER('#_Sheet1'!A27),IF('#_Sheet1'!A27>Sheet1!A27,"TooLow","TooHigh"),"WrongAnswer"),NOT(_xlfn.ISFORMULA('#_Sheet1'!A27)),IF(_xlfn.IFS(ISTEXT('#_Sheet1'!A27),FALSE,ISLOGICAL('#_Sheet1'!A27),FALSE,SUBSTITUTE(CELL("format",'#_Sheet1'!A27),"-","")=SUBSTITUTE(CELL("format",Sheet1!A27),"-",""),FALSE,CELL("format",'#_Sheet1'!A27)="G",FALSE,AND(CELL("format",'#_Sheet1'!A27)="F0",CELL("format",Sheet1!A27)="G"),FALSE,TRUE,IFERROR(IF(MATCH(CELL("format",'#_Sheet1'!A27),FormatCodesSFX!$A$4:$A$53,0)>0,TRUE),FALSE),TRUE,TRUE),"FormatMsg","PerfectMsg"),_xlfn.IFS(ISTEXT('#_Sheet1'!A27),FALSE,ISLOGICAL('#_Sheet1'!A27),FALSE,SUBSTITUTE(CELL("format",'#_Sheet1'!A27),"-","")=SUBSTITUTE(CELL("format",Sheet1!A27),"-",""),FALSE,CELL("format",'#_Sheet1'!A27)="G",FALSE,AND(CELL("format",'#_Sheet1'!A27)="F0",CELL("format",Sheet1!A27)="G"),FALSE,TRUE,IFERROR(IF(MATCH(CELL("format",'#_Sheet1'!A27),FormatCodesSFX!$A$4:$A$53,0)>0,TRUE),FALSE),TRUE,TRUE),"FormatMsg",TRUE,"PerfectMsg") | B27: =_xlfn.IFS(ISBLANK(Sheet1!B27),"",IF(NOT(ISNA('#_Sheet1'!B27)),IF(ISNA(Sheet1!B27),TRUE,FALSE),FALSE),"StuNAMsg",IF(AND(ISNA('#_Sheet1'!B27),ISNA(Sheet1!B27)),TRUE,FALSE),"PerfectMsg",IF(NOT(ISERROR('#_Sheet1'!B27)),IF(ISERROR(Sheet1!B27),TRUE,FALSE),FALSE),"StuErrorMsg",IF(TYPE('#_Sheet1'!B27)<>TYPE(Sheet1!B27),TRUE,FALSE),"WrongTypeMsg",IF(ISNUMBER('#_Sheet1'!B27),IF(ABS('#_Sheet1'!B27-Sheet1!B27)>0.00001,TRUE,FALSE),IF('#_Sheet1'!B27<>Sheet1!B27,TRUE,FALSE)),IF(ISNUMBER('#_Sheet1'!B27),IF('#_Sheet1'!B27>Sheet1!B27,"TooLow","TooHigh"),"WrongAnswer"),NOT(_xlfn.ISFORMULA('#_Sheet1'!B27)),IF(_xlfn.IFS(ISTEXT('#_Sheet1'!B27),FALSE,ISLOGICAL('#_Sheet1'!B27),FALSE,SUBSTITUTE(CELL("format",'#_Sheet1'!B27),"-","")=SUBSTITUTE(CELL("format",Sheet1!B27),"-",""),FALSE,CELL("format",'#_Sheet1'!B27)="G",FALSE,AND(CELL("format",'#_Sheet1'!B27)="F0",CELL("format",Sheet1!B27)="G"),FALSE,TRUE,IFERROR(IF(MATCH(CELL("format",'#_Sheet1'!B27),FormatCodesSFX!$A$4:$A$53,0)>0,TRUE),FALSE),TRUE,TRUE),"FormatMsg","PerfectMsg"),_xlfn.IFS(ISTEXT('#_Sheet1'!B27),FALSE,ISLOGICAL('#_Sheet1'!B27),FALSE,SUBSTITUTE(CELL("format",'#_Sheet1'!B27),"-","")=SUBSTITUTE(CELL("format",Sheet1!B27),"-",""),FALSE,CELL("format",'#_Sheet1'!B27)="G",FALSE,AND(CELL("format",'#_Sheet1'!B27)="F0",CELL("format",Sheet1!B27)="G"),FALSE,TRUE,IFERROR(IF(MATCH(CELL("format",'#_Sheet1'!B27),FormatCodesSFX!$A$4:$A$53,0)>0,TRUE),FALSE),TRUE,TRUE),"FormatMsg",TRUE,"PerfectMsg") | C27: =_xlfn.IFS(ISBLANK(Sheet1!C27),"",IF(NOT(ISNA('#_Sheet1'!C27)),IF(ISNA(Sheet1!C27),TRUE,FALSE),FALSE),"StuNAMsg",IF(AND(ISNA('#_Sheet1'!C27),ISNA(Sheet1!C27)),TRUE,FALSE),"PerfectMsg",IF(NOT(ISERROR('#_Sheet1'!C27)),IF(ISERROR(Sheet1!C27),TRUE,FALSE),FALSE),"StuErrorMsg",IF(TYPE('#_Sheet1'!C27)<>TYPE(Sheet1!C27),TRUE,FALSE),"WrongTypeMsg",IF(ISNUMBER('#_Sheet1'!C27),IF(ABS('#_Sheet1'!C27-Sheet1!C27)>0.00001,TRUE,FALSE),IF('#_Sheet1'!C27<>Sheet1!C27,TRUE,FALSE)),IF(ISNUMBER('#_Sheet1'!C27),IF('#_Sheet1'!C27>Sheet1!C27,"TooLow","TooHigh"),"WrongAnswer"),NOT(_xlfn.ISFORMULA('#_Sheet1'!C27)),IF(_xlfn.IFS(ISTEXT('#_Sheet1'!C27),FALSE,ISLOGICAL('#_Sheet1'!C27),FALSE,SUBSTITUTE(CELL("format",'#_Sheet1'!C27),"-","")=SUBSTITUTE(CELL("format",Sheet1!C27),"-",""),FALSE,CELL("format",'#_Sheet1'!C27)="G",FALSE,AND(CELL("format",'#_Sheet1'!C27)="F0",CELL("format",Sheet1!C27)="G"),FALSE,TRUE,IFERROR(IF(MATCH(CELL("format",'#_Sheet1'!C27),FormatCodesSFX!$A$4:$A$53,0)>0,TRUE),FALSE),TRUE,TRUE),"FormatMsg","PerfectMsg"),_xlfn.IFS(ISTEXT('#_Sheet1'!C27),FALSE,ISLOGICAL('#_Sheet1'!C27),FALSE,SUBSTITUTE(CELL("format",'#_Sheet1'!C27),"-","")=SUBSTITUTE(CELL("format",Sheet1!C27),"-",""),FALSE,CELL("format",'#_Sheet1'!C27)="G",FALSE,AND(CELL("format",'#_Sheet1'!C27)="F0",CELL("format",Sheet1!C27)="G"),FALSE,TRUE,IFERROR(IF(MATCH(CELL("format",'#_Sheet1'!C27),FormatCodesSFX!$A$4:$A$53,0)>0,TRUE),FALSE),TRUE,TRUE),"FormatMsg",TRUE,"PerfectMsg") | D27: =_xlfn.IFS(ISBLANK(Sheet1!D27),"",IF(NOT(ISNA('#_Sheet1'!D27)),IF(ISNA(Sheet1!D27),TRUE,FALSE),FALSE),"StuNAMsg",IF(AND(ISNA('#_Sheet1'!D27),ISNA(Sheet1!D27)),TRUE,FALSE),"PerfectMsg",IF(NOT(ISERROR('#_Sheet1'!D27)),IF(ISERROR(Sheet1!D27),TRUE,FALSE),FALSE),"StuErrorMsg",IF(TYPE('#_Sheet1'!D27)<>TYPE(Sheet1!D27),TRUE,FALSE),"WrongTypeMsg",IF(ISNUMBER('#_Sheet1'!D27),IF(ABS('#_Sheet1'!D27-Sheet1!D27)>0.00001,TRUE,FALSE),IF('#_Sheet1'!D27<>Sheet1!D27,TRUE,FALSE)),IF(ISNUMBER('#_Sheet1'!D27),IF('#_Sheet1'!D27>Sheet1!D27,"TooLow","TooHigh"),"WrongAnswer"),NOT(_xlfn.ISFORMULA('#_Sheet1'!D27)),IF(_xlfn.IFS(ISTEXT('#_Sheet1'!D27),FALSE,ISLOGICAL('#_Sheet1'!D27),FALSE,SUBSTITUTE(CELL("format",'#_Sheet1'!D27),"-","")=SUBSTITUTE(CELL("format",Sheet1!D27),"-",""),FALSE,CELL("format",'#_Sheet1'!D27)="G",FALSE,AND(CELL("format",'#_Sheet1'!D27)="F0",CELL("format",Sheet1!D27)="G"),FALSE,TRUE,IFERROR(IF(MATCH(CELL("format",'#_Sheet1'!D27),FormatCodesSFX!$A$4:$A$53,0)>0,TRUE),FALSE),TRUE,TRUE),"FormatMsg","PerfectMsg"),_xlfn.IFS(ISTEXT('#_Sheet1'!D27),FALSE,ISLOGICAL('#_Sheet1'!D27),FALSE,SUBSTITUTE(CELL("format",'#_Sheet1'!D27),"-","")=SUBSTITUTE(CELL("format",Sheet1!D27),"-",""),FALSE,CELL("format",'#_Sheet1'!D27)="G",FALSE,AND(CELL("format",'#_Sheet1'!D27)="F0",CELL("format",Sheet1!D27)="G"),FALSE,TRUE,IFERROR(IF(MATCH(CELL("format",'#_Sheet1'!D27),FormatCodesSFX!$A$4:$A$53,0)>0,TRUE),FALSE),TRUE,TRUE),"FormatMsg",TRUE,"PerfectMsg") | E27: =_xlfn.IFS(ISBLANK(Sheet1!E27),"",IF(NOT(ISNA('#_Sheet1'!E27)),IF(ISNA(Sheet1!E27),TRUE,FALSE),FALSE),"StuNAMsg",IF(AND(ISNA('#_Sheet1'!E27),ISNA(Sheet1!E27)),TRUE,FALSE),"PerfectMsg",IF(NOT(ISERROR('#_Sheet1'!E27)),IF(ISERROR(Sheet1!E27),TRUE,FALSE),FALSE),"StuErrorMsg",IF(TYPE('#_Sheet1'!E27)<>TYPE(Sheet1!E27),TRUE,FALSE),"WrongTypeMsg",IF(ISNUMBER('#_Sheet1'!E27),IF(ABS('#_Sheet1'!E27-Sheet1!E27)>0.00001,TRUE,FALSE),IF('#_Sheet1'!E27<>Sheet1!E27,TRUE,FALSE)),IF(ISNUMBER('#_Sheet1'!E27),IF('#_Sheet1'!E27>Sheet1!E27,"TooLow","TooHigh"),"WrongAnswer"),NOT(_xlfn.ISFORMULA('#_Sheet1'!E27)),IF(_xlfn.IFS(ISTEXT('#_Sheet1'!E27),FALSE,ISLOGICAL('#_Sheet1'!E27),FALSE,SUBSTITUTE(CELL("format",'#_Sheet1'!E27),"-","")=SUBSTITUTE(CELL("format",Sheet1!E27),"-",""),FALSE,CELL("format",'#_Sheet1'!E27)="G",FALSE,AND(CELL("format",'#_Sheet1'!E27)="F0",CELL("format",Sheet1!E27)="G"),FALSE,TRUE,IFERROR(IF(MATCH(CELL("format",'#_Sheet1'!E27),FormatCodesSFX!$A$4:$A$53,0)>0,TRUE),FALSE),TRUE,TRUE),"FormatMsg","PerfectMsg"),_xlfn.IFS(ISTEXT('#_Sheet1'!E27),FALSE,ISLOGICAL('#_Sheet1'!E27),FALSE,SUBSTITUTE(CELL("format",'#_Sheet1'!E27),"-","")=SUBSTITUTE(CELL("format",Sheet1!E27),"-",""),FALSE,CELL("format",'#_Sheet1'!E27)="G",FALSE,AND(CELL("format",'#_Sheet1'!E27)="F0",CELL("format",Sheet1!E27)="G"),FALSE,TRUE,IFERROR(IF(MATCH(CELL("format",'#_Sheet1'!E27),FormatCodesSFX!$A$4:$A$53,0)>0,TRUE),FALSE),TRUE,TRUE),"FormatMsg",TRUE,"PerfectMsg") | F27: =_xlfn.IFS(ISBLANK(Sheet1!F27),"",IF(NOT(ISNA('#_Sheet1'!F27)),IF(ISNA(Sheet1!F27),TRUE,FALSE),FALSE),"StuNAMsg",IF(AND(ISNA('#_Sheet1'!F27),ISNA(Sheet1!F27)),TRUE,FALSE),"PerfectMsg",IF(NOT(ISERROR('#_Sheet1'!F27)),IF(ISERROR(Sheet1!F27),TRUE,FALSE),FALSE),"StuErrorMsg",IF(TYPE('#_Sheet1'!F27)<>TYPE(Sheet1!F27),TRUE,FALSE),"WrongTypeMsg",IF(ISNUMBER('#_Sheet1'!F27),IF(ABS('#_Sheet1'!F27-Sheet1!F27)>0.00001,TRUE,FALSE),IF('#_Sheet1'!F27<>Sheet1!F27,TRUE,FALSE)),IF(ISNUMBER('#_Sheet1'!F27),IF('#_Sheet1'!F27>Sheet1!F27,"TooLow","TooHigh"),"WrongAnswer"),NOT(_xlfn.ISFORMULA('#_Sheet1'!F27)),IF(_xlfn.IFS(ISTEXT('#_Sheet1'!F27),FALSE,ISLOGICAL('#_Sheet1'!F27),FALSE,SUBSTITUTE(CELL("format",'#_Sheet1'!F27),"-","")=SUBSTITUTE(CELL("format",Sheet1!F27),"-",""),FALSE,CELL("format",'#_Sheet1'!F27)="G",FALSE,AND(CELL("format",'#_Sheet1'!F27)="F0",CELL("format",Sheet1!F27)="G"),FALSE,TRUE,IFERROR(IF(MATCH(CELL("format",'#_Sheet1'!F27),FormatCodesSFX!$A$4:$A$53,0)>0,TRUE),FALSE),TRUE,TRUE),"FormatMsg","PerfectMsg"),_xlfn.IFS(ISTEXT('#_Sheet1'!F27),FALSE,ISLOGICAL('#_Sheet1'!F27),FALSE,SUBSTITUTE(CELL("format",'#_Sheet1'!F27),"-","")=SUBSTITUTE(CELL("format",Sheet1!F27),"-",""),FALSE,CELL("format",'#_Sheet1'!F27)="G",FALSE,AND(CELL("format",'#_Sheet1'!F27)="F0",CELL("format",Sheet1!F27)="G"),FALSE,TRUE,IFERROR(IF(MATCH(CELL("format",'#_Sheet1'!F27),FormatCodesSFX!$A$4:$A$53,0)>0,TRUE),FALSE),TRUE,TRUE),"FormatMsg",TRUE,"PerfectMsg") | G27: =_xlfn.IFS(ISBLANK(Sheet1!G27),"",IF(NOT(ISNA('#_Sheet1'!G27)),IF(ISNA(Sheet1!G27),TRUE,FALSE),FALSE),"StuNAMsg",IF(AND(ISNA('#_Sheet1'!G27),ISNA(Sheet1!G27)),TRUE,FALSE),"PerfectMsg",IF(NOT(ISERROR('#_Sheet1'!G27)),IF(ISERROR(Sheet1!G27),TRUE,FALSE),FALSE),"StuErrorMsg",IF(TYPE('#_Sheet1'!G27)<>TYPE(Sheet1!G27),TRUE,FALSE),"WrongTypeMsg",IF(ISNUMBER('#_Sheet1'!G27),IF(ABS('#_Sheet1'!G27-Sheet1!G27)>0.00001,TRUE,FALSE),IF('#_Sheet1'!G27<>Sheet1!G27,TRUE,FALSE)),IF(ISNUMBER('#_Sheet1'!G27),IF('#_Sheet1'!G27>Sheet1!G27,"TooLow","TooHigh"),"WrongAnswer"),NOT(_xlfn.ISFORMULA('#_Sheet1'!G27)),IF(_xlfn.IFS(ISTEXT('#_Sheet1'!G27),FALSE,ISLOGICAL('#_Sheet1'!G27),FALSE,SUBSTITUTE(CELL("format",'#_Sheet1'!G27),"-","")=SUBSTITUTE(CELL("format",Sheet1!G27),"-",""),FALSE,CELL("format",'#_Sheet1'!G27)="G",FALSE,AND(CELL("format",'#_Sheet1'!G27)="F0",CELL("format",Sheet1!G27)="G"),FALSE,TRUE,IFERROR(IF(MATCH(CELL("format",'#_Sheet1'!G27),FormatCodesSFX!$A$4:$A$53,0)>0,TRUE),FALSE),TRUE,TRUE),"FormatMsg","PerfectMsg"),_xlfn.IFS(ISTEXT('#_Sheet1'!G27),FALSE,ISLOGICAL('#_Sheet1'!G27),FALSE,SUBSTITUTE(CELL("format",'#_Sheet1'!G27),"-","")=SUBSTITUTE(CELL("format",Sheet1!G27),"-",""),FALSE,CELL("format",'#_Sheet1'!G27)="G",FALSE,AND(CELL("format",'#_Sheet1'!G27)="F0",CELL("format",Sheet1!G27)="G"),FALSE,TRUE,IFERROR(IF(MATCH(CELL("format",'#_Sheet1'!G27),FormatCodesSFX!$A$4:$A$53,0)>0,TRUE),FALSE),TRUE,TRUE),"FormatMsg",TRUE,"PerfectMsg") | H27: =_xlfn.IFS(ISBLANK(Sheet1!H27),"",IF(NOT(ISNA('#_Sheet1'!H27)),IF(ISNA(Sheet1!H27),TRUE,FALSE),FALSE),"StuNAMsg",IF(AND(ISNA('#_Sheet1'!H27),ISNA(Sheet1!H27)),TRUE,FALSE),"PerfectMsg",IF(NOT(ISERROR('#_Sheet1'!H27)),IF(ISERROR(Sheet1!H27),TRUE,FALSE),FALSE),"StuErrorMsg",IF(TYPE('#_Sheet1'!H27)<>TYPE(Sheet1!H27),TRUE,FALSE),"WrongTypeMsg",IF(ISNUMBER('#_Sheet1'!H27),IF(ABS('#_Sheet1'!H27-Sheet1!H27)>0.00001,TRUE,FALSE),IF('#_Sheet1'!H27<>Sheet1!H27,TRUE,FALSE)),IF(ISNUMBER('#_Sheet1'!H27),IF('#_Sheet1'!H27>Sheet1!H27,"TooLow","TooHigh"),"WrongAnswer"),NOT(_xlfn.ISFORMULA('#_Sheet1'!H27)),IF(_xlfn.IFS(ISTEXT('#_Sheet1'!H27),FALSE,ISLOGICAL('#_Sheet1'!H27),FALSE,SUBSTITUTE(CELL("format",'#_Sheet1'!H27),"-","")=SUBSTITUTE(CELL("format",Sheet1!H27),"-",""),FALSE,CELL("format",'#_Sheet1'!H27)="G",FALSE,AND(CELL("format",'#_Sheet1'!H27)="F0",CELL("format",Sheet1!H27)="G"),FALSE,TRUE,IFERROR(IF(MATCH(CELL("format",'#_Sheet1'!H27),FormatCodesSFX!$A$4:$A$53,0)>0,TRUE),FALSE),TRUE,TRUE),"FormatMsg","PerfectMsg"),_xlfn.IFS(ISTEXT('#_Sheet1'!H27),FALSE,ISLOGICAL('#_Sheet1'!H27),FALSE,SUBSTITUTE(CELL("format",'#_Sheet1'!H27),"-","")=SUBSTITUTE(CELL("format",Sheet1!H27),"-",""),FALSE,CELL("format",'#_Sheet1'!H27)="G",FALSE,AND(CELL("format",'#_Sheet1'!H27)="F0",CELL("format",Sheet1!H27)="G"),FALSE,TRUE,IFERROR(IF(MATCH(CELL("format",'#_Sheet1'!H27),FormatCodesSFX!$A$4:$A$53,0)>0,TRUE),FALSE),TRUE,TRUE),"FormatMsg",TRUE,"PerfectMsg")

Sheet Sheet1
A1: earned | B1: possible | C1: cell | D1: {=IFERROR( _xlfn.LET( _xlpm.FileName, MID(CELL("filename", A1), FIND("]", CELL("filename", A1)) + 1, 255), _xlpm.DynamicRef, INDIRECT("'#_" & _xlpm.FileName & "'!" & C2), IF( TYPE(_xlpm.DynamicRef) = 1, VLOOKUP( CELL("format", _xlpm.DynamicRef), FormatCodesSFX!$A$4:$B$53, 2, FALSE ), _xlfn.SWITCH( TYPE(_xlpm.DynamicRef), 2, "short text", 4, "logical", 16, "error", 64, "long text", "Other" ) ) ), "Error in formula" )} -> error | I1: {=_xlfn.IFS(ROW(A100)<100,"Undo deleted row or quit without saving",COLUMN(AZ1)<52,"Undo deleted column or quit without saving",ROW(A100)>100,"Undo inserted row or quit without saving",COLUMN(AZ1)>52,"Undo inserted column or quit without saving",Scoreboard!$F$21<>"","Security compromised: Undo last action or quit without saving",TRUE=TRUE," ")} | L1: Press F9 to grade | P1: Feedback ON | S1: Cheer | X1: =A1 -> earned | Y1: =B1 -> possible | Z1: =C1 -> cell | AA1: =D1 -> error | AF1: =I1 | AL1: Press F9 to grade
A2: =Sheet1SC!$A$2 -> 0 | B2: =Sheet1SC!$B$2 -> 176 | C2: {=SUBSTITUTE(IF(LEN(CELL("address"))<15,CELL("address"),""),"$","")} | D2: {=IF(ISNUMBER(SEARCH("#REF!",_xlfn.SINGLE(_xlfn.FORMULATEXT(INDIRECT("'Sheet1SC'!" & C2))))), "DRAGGING CELLS IS NOT PERMITTED. PLEASE UNDO LAST ACTION!!",IF(IF(Sheet1SC!B2=0,1,Sheet1SC!C2/Sheet1SC!B2)>=Scoreboard!$F$19,IF(ISNUMBER(SEARCH("#REF!",_xlfn.SINGLE(_xlfn.FORMULATEXT(INDIRECT("'Sheet1SC'!"&C2))))),"DRAGGING CELLS IS NOT PERMITTED. PLEASE UNDO LAST ACTION!!",IF($P$1<>"Feedback OFF",IFERROR(HLOOKUP(INDIRECT("'Sheet1SC'!"&C2),FeedbackSFX!$B$2:$N$10,IF($P$1="Feedback ON", 2, FeedbackSFX!B1), FALSE), ""),"")),IF(IF(Sheet1SC!B2=0,1,Sheet1SC!C2/Sheet1SC!B2)>=Scoreboard!$F$19/2,"Earn "&TEXT(Scoreboard!$F$19,"0%")&" to unlock score and feedback. ---> Halfway There!!!","Earn "&TEXT(Scoreboard!$F$19,"0%")&" to unlock score and feedback.")))} | P2: =IF(Scoreboard!$E$4="Excel version: Invalid","****ERROR: Scoreboard requires Excel 365 or 2021 to run****", "") | X2: =A2 -> 0 | Y2: =B2 -> 176 | Z2: =C2 | AA2: =D2

Sheet #_Sheet1
A1: earned | B1: possible | C1: cell | D1: {=IFERROR( _xlfn.LET( _xlpm.FileName, MID(CELL("filename", A1), FIND("]", CELL("filename", A1)) + 1, 255), _xlpm.DynamicRef, INDIRECT("'#_" & _xlpm.FileName & "'!" & C2), IF( TYPE(_xlpm.DynamicRef) = 1, VLOOKUP( CELL("format", _xlpm.DynamicRef), FormatCodesSFX!$A$4:$B$53, 2, FALSE ), _xlfn.SWITCH( TYPE(_xlpm.DynamicRef), 2, "short text", 4, "logical", 16, "error", 64, "long text", "Other" ) ) ), "Error in formula" )} -> error | I1: =Sheet1SC!$I$1 | L1: Press F9 to grade | P1: Feedback ON | X1: =A1 -> earned | Y1: =B1 -> possible | Z1: =C1 -> cell | AA1: =D1 -> error | AF1: =I1 | AL1: Press F9 to grade
A2: =Sheet1SC!$A$2 -> 0 | B2: =Sheet1SC!$B$2 -> 176 | C2: {=SUBSTITUTE(IF(LEN(CELL("address"))<15,CELL("address"),""),"$","")} | D2: {=IF(ISNUMBER(SEARCH("#REF!",_xlfn.SINGLE(_xlfn.FORMULATEXT(INDIRECT("'Sheet1SC'!" & C2))))), "DRAGGING CELLS IS NOT PERMITTED. PLEASE UNDO LAST ACTION!!",IF(IF(Sheet1SC!B2=0,1,Sheet1SC!C2/Sheet1SC!B2)>=Scoreboard!$F$19,IF(ISNUMBER(SEARCH("#REF!",_xlfn.SINGLE(_xlfn.FORMULATEXT(INDIRECT("'Sheet1SC'!"&C2))))),"DRAGGING CELLS IS NOT PERMITTED. PLEASE UNDO LAST ACTION!!",IF($P$1<>"Feedback OFF",IFERROR(HLOOKUP(INDIRECT("'Sheet1SC'!"&C2),FeedbackSFX!$B$2:$N$10,IF($P$1="Feedback ON", 2, FeedbackSFX!B1), FALSE), ""),"")),IF(IF(Sheet1SC!B2=0,1,Sheet1SC!C2/Sheet1SC!B2)>=Scoreboard!$F$19/2,"Earn "&TEXT(Scoreboard!$F$19,"0%")&" to unlock score and feedback. ---> Halfway There!!!","Earn "&TEXT(Scoreboard!$F$19,"0%")&" to unlock score and feedback.")))} | X2: =A2 -> 0 | Y2: =B2 -> 176 | Z2: =C2 | AA2: =D2
A3: =2015 -> 2015 | B3: ="Restaurant Name" -> Restaurant Name | C3: =2014 -> 2014 | D3: ="Principle Executive" -> Principle Executive | E3: ="City & State" -> City & State | F3: ="#Units" -> #Units | G3: ="2015 Gross Sales" -> 2015 Gross Sales | H3: ="Date" -> Date
A4: =1 -> 1 | B4: ="Pizza Hut*" -> Pizza Hut* | C4: =1 -> 1 | D4: ="David W. Gibbs" -> David W. Gibbs | E4: ="Plano, TX" -> Plano, TX | F4: =15605 -> 15605 | G4: =13400000000 -> 13400000000 | H4: =12/31/2015 -> 0.00019210758
A5: =2 -> 2 | B5: ="Domino's*" -> Domino's* | C5: =2 -> 2 | D5: ="J. Patrick Doyle" -> J. Patrick Doyle | E5: ="Ann Arbor, MI" -> Ann Arbor, MI | F5: =11629 -> 11629 | G5: =8900000000 -> 8900000000 | H5: =12/31/2015 -> 0.00019210758
A6: =3 -> 3 | B6: ="Little Caesars Pizza" -> Little Caesars Pizza | C6: =3 -> 3 | D6: ="Michael Ilitch" -> Michael Ilitch | E6: ="Detroit, MI" -> Detroit, MI | F6: =4059 -> 4059 | G6: =3400000000 -> 3400000000 | H6: =12/31/2015 -> 0.00019210758
A7: =4 -> 4 | B7: ="Papa Johns' International" -> Papa Johns' International | C7: =4 -> 4 | D7: ="John Schnatter" -> John Schnatter | E7: ="Louisville,KY" -> Louisville,KY | F7: =4708 -> 4708 | G7: =3332000000 -> 3332000000 | H7: =12/31/2015 -> 0.00019210758
A8: =5 -> 5 | B8: ="Papa Murphy’s International*" -> Papa Murphy’s International* | C8: =5 -> 5 | D8: ="Ken Calwell" -> Ken Calwell | E8: ="Vancouver, WA" -> Vancouver, WA | F8: =1425 -> 1425 | G8: =785360000 -> 785360000 | H8: =12/31/2015 -> 0.00019210758
A9: =6 -> 6 | B9: ="California Pizza Kitchen*" -> California Pizza Kitchen* | C9: =6 -> 6 | D9: ="G. J. Hart" -> G. J. Hart | E9: ="Playa Vista, CA" -> Playa Vista, CA | F9: =290 -> 290 | G9: =745000000 -> 745000000 | H9: =12/31/2015 -> 0.00019210758
A10: =7 -> 7 | B10: ="Sbarro*" -> Sbarro* | C10: =7 -> 7 | D10: ="J. David Karam" -> J. David Karam | E10: ="Columbus, OH" -> Columbus, OH | F10: =820 -> 820 | G10: =602000000 -> 602000000 | H10: =12/31/2015 -> 0.00019210758
A11: =8 -> 8 | B11: ="CiCi’s Pizza*" -> CiCi’s Pizza* | C11: =8 -> 8 | D11: ="Darin Harris" -> Darin Harris | E11: ="Coppell, TX" -> Coppell, TX | F11: =519 -> 519 | G11: =475000000 -> 475000000 | H11: =12/31/2015 -> 0.00019210758
A12: =9 -> 9 | B12: ="Chuck E. Cheese’s*" -> Chuck E. Cheese’s* | C12: =9 -> 9 | D12: ="Thomas Leverton" -> Thomas Leverton | E12: ="Irving, TX" -> Irving, TX | F12: =577 -> 577 | G12: =405000000 -> 405000000 | H12: =12/31/2015 -> 0.00019210758
A13: =10 -> 10 | B13: ="Marco’s Pizza" -> Marco’s Pizza | C13: =12 -> 12 | D13: ="John Butorac" -> John Butorac | E13: ="Toledo, OH" -> Toledo, OH | F13: =640 -> 640 | G13: =380000000 -> 380000000 | H13: =12/31/2015 -> 0.00019210758
A14: =11 -> 11 | B14: ="Round Table Pizza*" -> Round Table Pizza* | C14: =10 -> 10 | D14: ="Rob McCourt" -> Rob McCourt | E14: ="Concord, CA" -> Concord, CA | F14: =439 -> 439 | G14: =378000000 -> 378000000 | H14: =12/31/2015 -> 0.00019210758
A15: =12 -> 12 | B15: ="Jet’s Pizza" -> Jet’s Pizza | C15: =14 -> 14 | D15: ="John Jetts" -> John Jetts | E15: ="Sterling Heights, MI" -> Sterling Heights, MI | F15: =375 -> 375 | G15: =350000000 -> 350000000 | H15: =12/31/2015 -> 0.00019210758
A16: =13 -> 13 | B16: ="Hungry Howie’s Pizza" -> Hungry Howie’s Pizza | C16: =13 -> 13 | D16: ="Steven E. Jackson" -> Steven E. Jackson | E16: ="Madison Heights, MI" -> Madison Heights, MI | F16: =551 -> 551 | G16: =337069011 -> 337069011 | H16: =12/31/2015 -> 0.00019210758
A17: =14 -> 14 | B17: ="Godfather’s Pizza*" -> Godfather’s Pizza* | C17: =11 -> 11 | D17: ="Robert Gartlan" -> Robert Gartlan | E17: ="Omaha, NE" -> Omaha, NE | F17: =620 -> 620 | G17: =325600000 -> 325600000 | H17: =12/31/2015 -> 0.00019210758
A18: =15 -> 15 | B18: ="Old Chicago/Rock Bottom Restaurant*" -> Old Chicago/Rock Bottom Restaurant* | C18: =15 -> 15 | D18: ="Mike Mrlik" -> Mike Mrlik | E18: ="Louisville, CO" -> Louisville, CO | F18: =96 -> 96 | G18: =320000000 -> 320000000 | H18: =12/31/2015 -> 0.00019210758
A19: =16 -> 16 | B19: ="Pizza Ranch" -> Pizza Ranch | C19: =17 -> 17 | D19: ="Adrie Groeneweg" -> Adrie Groeneweg | E19: ="Orange City, IA" -> Orange City, IA | F19: =190 -> 190 | G19: =222274500 -> 222274500 | H19: =12/31/2015 -> 0.00019210758
A20: =17 -> 17 | B20: ="Uno Chicago Grill*" -> Uno Chicago Grill* | C20: =16 -> 16 | D20: ="Aaron D. Spencer" -> Aaron D. Spencer | E20: ="West Roxbury, MA" -> West Roxbury, MA | F20: =149 -> 149 | G20: =210500000 -> 210500000 | H20: =12/31/2015 -> 0.00019210758
A21: =18 -> 18 | B21: ="Peter Piper Pizza*" -> Peter Piper Pizza* | C21: =18 -> 18 | D21: ="Charles Bruce" -> Charles Bruce | E21: ="Phoenix, AZ" -> Phoenix, AZ | F21: =142 -> 142 | G21: =198000000 -> 198000000 | H21: =12/31/2015 -> 0.00019210758
A22: =19 -> 19 | B22: ="Mellow Mushroom*" -> Mellow Mushroom* | C22: =20 -> 20 | D22: ="Richard Brasch" -> Richard Brasch | E22: ="Atlanta, GA" -> Atlanta, GA | F22: =175 -> 175 | G22: =191000000 -> 191000000 | H22: =12/31/2015 -> 0.00019210758
A23: =20 -> 20 | B23: ="Bertucci’s Italian" -> Bertucci’s Italian | C23: =19 -> 19 | D23: ="Stuart Davies" -> Stuart Davies | E23: ="Northborough, MA" -> Northborough, MA | F23: =88 -> 88 | G23: =188000000 -> 188000000 | H23: =12/31/2015 -> 0.00019210758
A24: =21 -> 21 | B24: ="Rosati's Pizza" -> Rosati's Pizza | C24: =21 -> 21 | D24: ="Marla Topliff" -> Marla Topliff | E24: ="Elgin, IL" -> Elgin, IL | F24: =126 -> 126 | G24: =188000000 -> 188000000 | H24: =12/31/2015 -> 0.00019210758
A25: =22 -> 22 | B25: ="Donatos Pizza" -> Donatos Pizza | C25: =22 -> 22 | D25: ="Tom Krouse" -> Tom Krouse | E25: ="Columbus, OH" -> Columbus, OH | F25: =153 -> 153 | G25: =175000000 -> 175000000 | H25: =12/31/2015 -> 0.00019210758
A26: =23 -> 23 | B26: ="Gatti’s Pizza*" -> Gatti’s Pizza* | C26: =23 -> 23 | D26: ="Steve Burt" -> Steve Burt | E26: ="Austin, TX" -> Austin, TX | F26: =110 -> 110 | G26: =145000000 -> 145000000 | H26: =12/31/2015 -> 0.00019210758
A27: =24 -> 24 | B27: ="LaRosa’s Pizzeria" -> LaRosa’s Pizzeria | C27: =24 -> 24 | D27: ="Michael LaRosa" -> Michael LaRosa | E27: ="Cincinnati, OH" -> Cincinnati, OH | F27: =66 -> 66 | G27: =143599000 -> 143599000 | H27: =12/31/2015 -> 0.00019210758
A28: =25 -> 25 | B28: ="Fox's Pizza Den" -> Fox's Pizza Den | C28: =25 -> 25 | D28: ="James R. Fox" -> James R. Fox | E28: ="Murrysville, PA" -> Murrysville, PA | F28: =250 -> 250 | G28: =131250000 -> 131250000 | H28: =12/31/2015 -> 0.00019210758
